/*------------------------------------ PoblarOK------------------------------------*/

--Población de datos para la tabla Instituciones
INSERT INTO Instituciones (codigo, nombre, direccion, tipo) VALUES (493950, 'JAVERIANA', 'Cra. 7 #40 - 62 Bogotá', 'U');
INSERT INTO Instituciones (codigo, nombre, direccion, tipo) VALUES (5479950, 'UDCA', 'Cl. 222 #55 - 37 Bogotá', 'U');
INSERT INTO Instituciones (codigo, nombre, direccion, tipo) VALUES (040935, 'LICEO_FRANCES', 'Cl. 87 #7-77','E');
INSERT INTO Instituciones (codigo, nombre, direccion, tipo) VALUES (212550, 'SABANA', ' Chía Cundinamarca', 'U');
INSERT INTO Instituciones (codigo, nombre, direccion, tipo) VALUES (6808435, 'SAN_BARTOLOME', 'Carrera 23 No. 28 - 55 sur', 'E');
insert into INSTITUCIONES (CODIGO, NOMBRE, DIRECCION, TIPO) values (225179856670618, 'École Polytechnique de Montréal, Université de Montréal', '07339 Center Way', 'E');
insert into INSTITUCIONES (CODIGO, NOMBRE, DIRECCION, TIPO) values (150079103624568, 'International Blacksea University', '61539 Bobwhite Terrace', 'U');
insert into INSTITUCIONES (CODIGO, NOMBRE, DIRECCION, TIPO) values (748731324535786, 'Marquette University', '7899 Sloan Hill', 'E');
insert into INSTITUCIONES (CODIGO, NOMBRE, DIRECCION, TIPO) values (766685870109416, 'Universidad Tecnológica de Pereira', '6 Leroy Trail', 'U');
insert into INSTITUCIONES (CODIGO, NOMBRE, DIRECCION, TIPO) values (207095208857839, 'Universidad Catolica "Redemptoris Mater"', '6 Orin Circle', 'U');
insert into INSTITUCIONES (CODIGO, NOMBRE, DIRECCION, TIPO) values (821693149652921, 'St. Augustine''s College North Carolina', '85448 Grim Junction', 'U');
insert into INSTITUCIONES (CODIGO, NOMBRE, DIRECCION, TIPO) values (725538638348494, 'Schiller International University, Heidelberg', '12 Anthes Plaza', 'U');
insert into INSTITUCIONES (CODIGO, NOMBRE, DIRECCION, TIPO) values (216621095520925, 'University of Wisconsin - Stout', '01 Del Mar Park', 'E');
insert into INSTITUCIONES (CODIGO, NOMBRE, DIRECCION, TIPO) values (610103233398726, 'Mimasaka Women''s College', '37453 Hayes Circle', 'E');
insert into INSTITUCIONES (CODIGO, NOMBRE, DIRECCION, TIPO) values (21894169022030, 'Odessa State Medical University', '6066 Mockingbird Road', 'E');
insert into INSTITUCIONES (CODIGO, NOMBRE, DIRECCION, TIPO) values (69536365034527, 'Yamaguchi Prefectural University', '156 Hintze Plaza', 'E');
insert into INSTITUCIONES (CODIGO, NOMBRE, DIRECCION, TIPO) values (787697782306939, 'The Achievers University', '2468 Morrow Road', 'U');
insert into INSTITUCIONES (CODIGO, NOMBRE, DIRECCION, TIPO) values (855790830300521, 'National Aviation Univesity', '54 Merchant Crossing', 'E');
insert into INSTITUCIONES (CODIGO, NOMBRE, DIRECCION, TIPO) values (307461640421999, 'Shridhar University', '3471 Bobwhite Center', 'U');
insert into INSTITUCIONES (CODIGO, NOMBRE, DIRECCION, TIPO) values (533178961889849, 'Columbia College of Missouri', '109 Barnett Lane', 'E');
insert into INSTITUCIONES (CODIGO, NOMBRE, DIRECCION, TIPO) values (882472231953293, 'Mansoura University', '78 Spohn Parkway', 'E');
insert into INSTITUCIONES (CODIGO, NOMBRE, DIRECCION, TIPO) values (822973789209955, 'Chengdu Institute of Sichuan International Studies University', '10098 Tony Drive', 'E');
insert into INSTITUCIONES (CODIGO, NOMBRE, DIRECCION, TIPO) values (522038606286462, 'University of California, Santa Cruz', '8 Granby Avenue', 'U');
insert into INSTITUCIONES (CODIGO, NOMBRE, DIRECCION, TIPO) values (356605087606149, 'Universidad de las Regiones Autónomas de la Costa Caribe Nicaragüense', '94 Bluestem Trail', 'E');
insert into INSTITUCIONES (CODIGO, NOMBRE, DIRECCION, TIPO) values (791611231510643, 'Heilongjiang August 1st Reclamation University', '1 Leroy Pass', 'U');
insert into INSTITUCIONES (CODIGO, NOMBRE, DIRECCION, TIPO) values (454747323216781, 'University of Charleston South Carolina', '9 Thackeray Lane', 'E');
insert into INSTITUCIONES (CODIGO, NOMBRE, DIRECCION, TIPO) values (972196857845437, 'Gandhi Institute of Technology and Managment', '84 Roxbury Park', 'E');
insert into INSTITUCIONES (CODIGO, NOMBRE, DIRECCION, TIPO) values (748997181325450, 'Nagoya University', '5866 Pankratz Hill', 'E');
insert into INSTITUCIONES (CODIGO, NOMBRE, DIRECCION, TIPO) values (860856051407060, 'King''s College', '5 Moland Avenue', 'E');
insert into INSTITUCIONES (CODIGO, NOMBRE, DIRECCION, TIPO) values (832463059131628, 'Huazhong University of Science and Technology', '685 Lake View Court', 'U');
insert into INSTITUCIONES (CODIGO, NOMBRE, DIRECCION, TIPO) values (870035726019127, 'Embry Riddle Aeronautical University, Prescott', '54814 Rieder Street', 'U');
insert into INSTITUCIONES (CODIGO, NOMBRE, DIRECCION, TIPO) values (441885178726245, 'Riga Teacher Training and Educational Management Academy', '60477 Becker Center', 'E');
insert into INSTITUCIONES (CODIGO, NOMBRE, DIRECCION, TIPO) values (265204645433466, 'International Tourism Institute', '76584 Schlimgen Junction', 'U');
insert into INSTITUCIONES (CODIGO, NOMBRE, DIRECCION, TIPO) values (368772439905766, 'Kanazawa Institute of Technology', '31531 Northport Street', 'E');
insert into INSTITUCIONES (CODIGO, NOMBRE, DIRECCION, TIPO) values (232247640739686, 'Pyramid Education Center', '40 Swallow Terrace', 'U');
insert into INSTITUCIONES (CODIGO, NOMBRE, DIRECCION, TIPO) values (310748727563465, 'Technical University of Denmark', '88 Lien Circle', 'E');
insert into INSTITUCIONES (CODIGO, NOMBRE, DIRECCION, TIPO) values (687358104827564, 'University of Dodoma', '355 Morningstar Crossing', 'E');
insert into INSTITUCIONES (CODIGO, NOMBRE, DIRECCION, TIPO) values (51040203380970, 'Universidad Adventista Dominicana', '3239 Morningstar Alley', 'U');
insert into INSTITUCIONES (CODIGO, NOMBRE, DIRECCION, TIPO) values (767000743452548, 'Università Bocconi', '59 Lakewood Trail', 'U');
insert into INSTITUCIONES (CODIGO, NOMBRE, DIRECCION, TIPO) values (76259031078597, 'Barton College', '23 Graceland Crossing', 'U');
insert into INSTITUCIONES (CODIGO, NOMBRE, DIRECCION, TIPO) values (231193085302230, 'Shikoku University', '502 Delaware Circle', 'E');
insert into INSTITUCIONES (CODIGO, NOMBRE, DIRECCION, TIPO) values (882721568395737, 'Gujarat Ayurved University', '63 Dayton Way', 'U');
insert into INSTITUCIONES (CODIGO, NOMBRE, DIRECCION, TIPO) values (189435206403945, 'COMSATS Institute of Information Technology, Lahore', '14758 Towne Street', 'U');
insert into INSTITUCIONES (CODIGO, NOMBRE, DIRECCION, TIPO) values (997131281514432, 'Northwest Polytechnical University Xi''an', '0101 Rutledge Court', 'E');
insert into INSTITUCIONES (CODIGO, NOMBRE, DIRECCION, TIPO) values (461658041318044, 'Tashkent Institute of Irrigation and Melioration', '884 Crescent Oaks Point', 'E');
insert into INSTITUCIONES (CODIGO, NOMBRE, DIRECCION, TIPO) values (681048441298685, 'Dokkyo University', '24663 Helena Park', 'E');
insert into INSTITUCIONES (CODIGO, NOMBRE, DIRECCION, TIPO) values (967517244334437, 'Ecole Nationale de la Statistique et de l''Analyse de l''information', '5575 Myrtle Lane', 'U');
insert into INSTITUCIONES (CODIGO, NOMBRE, DIRECCION, TIPO) values (540225511750479, 'Zachodniopomorska School of Science and Engineering', '87 Westend Drive', 'E');
insert into INSTITUCIONES (CODIGO, NOMBRE, DIRECCION, TIPO) values (313925559729708, 'Vitebsk State Medical University', '0471 Fieldstone Avenue', 'E');
insert into INSTITUCIONES (CODIGO, NOMBRE, DIRECCION, TIPO) values (335700357962811, 'Ural State Academy of Mining and Geology', '22 Pine View Point', 'E');
insert into INSTITUCIONES (CODIGO, NOMBRE, DIRECCION, TIPO) values (291748972604045, 'Donetsk National Technical University', '8 Florence Way', 'U');
insert into INSTITUCIONES (CODIGO, NOMBRE, DIRECCION, TIPO) values (311304384598673, 'Vladimir State University', '59 Mandrake Point', 'E');
insert into INSTITUCIONES (CODIGO, NOMBRE, DIRECCION, TIPO) values (546217541467740, 'Universidad de Matanzas Camilo Cienfuegos', '6 Melvin Court', 'U');
insert into INSTITUCIONES (CODIGO, NOMBRE, DIRECCION, TIPO) values (429308641533849, 'Mountains of the Moon University', '94453 Bluejay Lane', 'E');
insert into INSTITUCIONES (CODIGO, NOMBRE, DIRECCION, TIPO) values (88661348843256, 'University of the East, Manila', '40717 Everett Avenue', 'U');
insert into INSTITUCIONES (CODIGO, NOMBRE, DIRECCION, TIPO) values (456502882598569, 'Institute of Teachers Education, Perlis', '61 Green Way', 'E');
insert into INSTITUCIONES (CODIGO, NOMBRE, DIRECCION, TIPO) values (634615408159889, 'Maryville University of St. Louis', '02738 Sutherland Trail', 'U');
insert into INSTITUCIONES (CODIGO, NOMBRE, DIRECCION, TIPO) values (810311160297550, 'Gurukula Kangri University', '33912 Drewry Junction', 'U');
insert into INSTITUCIONES (CODIGO, NOMBRE, DIRECCION, TIPO) values (948797999646615, 'Osaka Sangyo University', '7 Jay Parkway', 'U');
insert into INSTITUCIONES (CODIGO, NOMBRE, DIRECCION, TIPO) values (215553906252566, 'Universitas Tunas Pembangunan', '372 Grayhawk Park', 'U');
insert into INSTITUCIONES (CODIGO, NOMBRE, DIRECCION, TIPO) values (12040272736782, 'University of Toledo', '273 Grasskamp Parkway', 'U');
insert into INSTITUCIONES (CODIGO, NOMBRE, DIRECCION, TIPO) values (669090635666222, 'Universidad del Mar', '3 Comanche Street', 'E');
insert into INSTITUCIONES (CODIGO, NOMBRE, DIRECCION, TIPO) values (650332410477401, 'New Era University', '8 Red Cloud Point', 'U');
insert into INSTITUCIONES (CODIGO, NOMBRE, DIRECCION, TIPO) values (483081598625254, 'University of North Carolina at Wilmington', '7 Maywood Junction', 'U');
insert into INSTITUCIONES (CODIGO, NOMBRE, DIRECCION, TIPO) values (766907436309575, 'Arba Minch University', '1 Browning Center', 'E');
insert into INSTITUCIONES (CODIGO, NOMBRE, DIRECCION, TIPO) values (251392457029093, 'Shahrekord University of Medical Sciences', '3399 Moulton Pass', 'E');
insert into INSTITUCIONES (CODIGO, NOMBRE, DIRECCION, TIPO) values (23519139850513, 'James Cook University of North Queensland', '08 Algoma Plaza', 'U');
insert into INSTITUCIONES (CODIGO, NOMBRE, DIRECCION, TIPO) values (543235583765785, 'Technological Education Institute of Lamia', '4 Bowman Street', 'U');
insert into INSTITUCIONES (CODIGO, NOMBRE, DIRECCION, TIPO) values (424300638599743, 'University of Washington', '6745 Forest Run Road', 'E');
insert into INSTITUCIONES (CODIGO, NOMBRE, DIRECCION, TIPO) values (600533746115168, 'Kagoshima University', '703 Sloan Court', 'E');
insert into INSTITUCIONES (CODIGO, NOMBRE, DIRECCION, TIPO) values (120864552538144, 'University of Montana', '96 Namekagon Drive', 'E');
insert into INSTITUCIONES (CODIGO, NOMBRE, DIRECCION, TIPO) values (524258481701159, 'Sookmyung Women''s University', '861 Lakewood Gardens Lane', 'U');
insert into INSTITUCIONES (CODIGO, NOMBRE, DIRECCION, TIPO) values (144252709076926, 'Ch. Charan Singh University', '000 Alpine Crossing', 'E');
insert into INSTITUCIONES (CODIGO, NOMBRE, DIRECCION, TIPO) values (993119080920974, 'Baker College of Muskegon', '90510 Farmco Court', 'E');
insert into INSTITUCIONES (CODIGO, NOMBRE, DIRECCION, TIPO) values (366091932529497, 'Bundelkhand University', '2 Aberg Hill', 'E');
insert into INSTITUCIONES (CODIGO, NOMBRE, DIRECCION, TIPO) values (611886530265803, 'Bloomfield College', '6 Elmside Alley', 'E');
insert into INSTITUCIONES (CODIGO, NOMBRE, DIRECCION, TIPO) values (577669096557215, 'Universitas Simalungun', '703 Main Way', 'E');
insert into INSTITUCIONES (CODIGO, NOMBRE, DIRECCION, TIPO) values (520697640375764, 'Universidad del Magdalena', '25472 Hoffman Crossing', 'U');
insert into INSTITUCIONES (CODIGO, NOMBRE, DIRECCION, TIPO) values (461285971877756, 'King Fahd Security College', '3 Fairview Circle', 'U');
insert into INSTITUCIONES (CODIGO, NOMBRE, DIRECCION, TIPO) values (857528775816604, 'International Bible College', '123 Banding Junction', 'U');
insert into INSTITUCIONES (CODIGO, NOMBRE, DIRECCION, TIPO) values (457378998190403, 'Bates College', '8 Mockingbird Crossing', 'E');
insert into INSTITUCIONES (CODIGO, NOMBRE, DIRECCION, TIPO) values (352109432274152, 'Medical University of South Carolina', '2288 Bartillon Pass', 'E');
insert into INSTITUCIONES (CODIGO, NOMBRE, DIRECCION, TIPO) values (101159625109291, 'Universidad Iberoamericana de Ciencia y Tecnologia', '06 Superior Park', 'U');
insert into INSTITUCIONES (CODIGO, NOMBRE, DIRECCION, TIPO) values (296472896363768, 'Universidad Nacional de Mar del Plata', '7528 North Alley', 'U');
insert into INSTITUCIONES (CODIGO, NOMBRE, DIRECCION, TIPO) values (926551220693012, 'Al Muthanna University', '062 Portage Drive', 'E');
insert into INSTITUCIONES (CODIGO, NOMBRE, DIRECCION, TIPO) values (180511114730970, 'Otaru University of Commerce', '960 Morrow Road', 'E');
insert into INSTITUCIONES (CODIGO, NOMBRE, DIRECCION, TIPO) values (77704812517785, 'Université de M''sila', '653 Hudson Pass', 'U');
insert into INSTITUCIONES (CODIGO, NOMBRE, DIRECCION, TIPO) values (647551703859167, 'China University of Political Science and Law', '37 Sullivan Lane', 'U');
insert into INSTITUCIONES (CODIGO, NOMBRE, DIRECCION, TIPO) values (366612343620258, 'Tottori University of Environmental Studies', '46968 Summerview Terrace', 'U');
insert into INSTITUCIONES (CODIGO, NOMBRE, DIRECCION, TIPO) values (623281516259658, 'University of Agriculture Faisalabad', '25 Derek Parkway', 'U');
insert into INSTITUCIONES (CODIGO, NOMBRE, DIRECCION, TIPO) values (691411686954000, 'Hokkaido University', '79487 Dwight Way', 'U');
insert into INSTITUCIONES (CODIGO, NOMBRE, DIRECCION, TIPO) values (294566343015400, 'Pyongyang University of Science and Technology', '91 Darwin Junction', 'E');
insert into INSTITUCIONES (CODIGO, NOMBRE, DIRECCION, TIPO) values (659235816521934, 'University of Memphis', '74715 Bluestem Terrace', 'E');
insert into INSTITUCIONES (CODIGO, NOMBRE, DIRECCION, TIPO) values (328826232457238, 'Universidad Católica Nordestana', '81 Manitowish Junction', 'E');
insert into INSTITUCIONES (CODIGO, NOMBRE, DIRECCION, TIPO) values (372086786267386, 'Southern University - Baton Rouge', '865 Prairie Rose Plaza', 'E');
insert into INSTITUCIONES (CODIGO, NOMBRE, DIRECCION, TIPO) values (14586261884353, 'National Technological University', '307 Nevada Point', 'U');
insert into INSTITUCIONES (CODIGO, NOMBRE, DIRECCION, TIPO) values (316311155176815, 'Southwestern Baptist Theological Seminary', '73947 Straubel Lane', 'E');
insert into INSTITUCIONES (CODIGO, NOMBRE, DIRECCION, TIPO) values (373029136565627, 'Orkhon University', '9 Fisk Street', 'E');
insert into INSTITUCIONES (CODIGO, NOMBRE, DIRECCION, TIPO) values (459091438401282, 'Tuskegee University', '1277 Eastlawn Terrace', 'U');
insert into INSTITUCIONES (CODIGO, NOMBRE, DIRECCION, TIPO) values (957020040206060, 'Universidade do Extremo Sul Catarinense', '1459 Orin Crossing', 'E');
insert into INSTITUCIONES (CODIGO, NOMBRE, DIRECCION, TIPO) values (804653489463410, 'Capital University Law School', '3127 Charing Cross Lane', 'U');
insert into INSTITUCIONES (CODIGO, NOMBRE, DIRECCION, TIPO) values (556456872893816, 'Fachhochschule Lippe', '0 Granby Trail', 'U');
insert into INSTITUCIONES (CODIGO, NOMBRE, DIRECCION, TIPO) values (113319246857289, 'University of British Columbia', '7 Iowa Terrace', 'U');
insert into INSTITUCIONES (CODIGO, NOMBRE, DIRECCION, TIPO) values (961708830996266, 'Technische Fachhochschule Georg Agricola für Rohstoff, Energie und, Umwelt zu Bochum', '66 Lukken Alley', 'E');
insert into INSTITUCIONES (CODIGO, NOMBRE, DIRECCION, TIPO) values (882562503329972, 'VanderCook College of Music', '6417 Memorial Junction', 'U');
insert into INSTITUCIONES (CODIGO, NOMBRE, DIRECCION, TIPO) values (815804222173043, 'Medical College of Georgia', '89939 Truax Trail', 'U');
insert into INSTITUCIONES (CODIGO, NOMBRE, DIRECCION, TIPO) values (688160384439113, 'University of the South', '0 Tomscot Trail', 'E');
insert into INSTITUCIONES (CODIGO, NOMBRE, DIRECCION, TIPO) values (492831538010982, 'University of Limerick', '053 Iowa Avenue', 'U');
insert into INSTITUCIONES (CODIGO, NOMBRE, DIRECCION, TIPO) values (470806847352133, 'Kobe Jogakuin University', '1473 Golf Course Parkway', 'U');
insert into INSTITUCIONES (CODIGO, NOMBRE, DIRECCION, TIPO) values (739329216933199, 'Cork Institute of Technology', '3157 Gina Way', 'E');
insert into INSTITUCIONES (CODIGO, NOMBRE, DIRECCION, TIPO) values (768402751567948, 'Yaroslavl State University', '25 Grim Park', 'U');
insert into INSTITUCIONES (CODIGO, NOMBRE, DIRECCION, TIPO) values (659890408864314, 'Gettysburg College', '08549 Mallard Trail', 'E');
insert into INSTITUCIONES (CODIGO, NOMBRE, DIRECCION, TIPO) values (130802370030075, 'Blekinge Institute of Technology', '43706 Caliangt Lane', 'U');
insert into INSTITUCIONES (CODIGO, NOMBRE, DIRECCION, TIPO) values (979917185788939, 'Moldova Technical University', '3312 Troy Lane', 'U');
insert into INSTITUCIONES (CODIGO, NOMBRE, DIRECCION, TIPO) values (612394051466227, 'Universidad Nacional del Centro del Perú', '7925 Barby Point', 'E');
insert into INSTITUCIONES (CODIGO, NOMBRE, DIRECCION, TIPO) values (909617997370627, 'International University of Engineering, Moscow', '9978 Farragut Point', 'U');
insert into INSTITUCIONES (CODIGO, NOMBRE, DIRECCION, TIPO) values (460143185538537, 'Badakhshan University', '24 Tennyson Way', 'U');
insert into INSTITUCIONES (CODIGO, NOMBRE, DIRECCION, TIPO) values (937548252378362, 'Kaduna State University', '56 Green Ridge Terrace', 'U');
insert into INSTITUCIONES (CODIGO, NOMBRE, DIRECCION, TIPO) values (196948482379544, 'European University Cyprus', '459 Lakewood Plaza', 'U');
insert into INSTITUCIONES (CODIGO, NOMBRE, DIRECCION, TIPO) values (944350950943249, 'International University of Africa (IUA)', '16470 Cody Point', 'E');
insert into INSTITUCIONES (CODIGO, NOMBRE, DIRECCION, TIPO) values (660855039987728, 'Johnson & Wales University', '573 Mallard Way', 'E');
insert into INSTITUCIONES (CODIGO, NOMBRE, DIRECCION, TIPO) values (789085726077975, 'Siberian State Medical University', '1254 Morrow Alley', 'U');
insert into INSTITUCIONES (CODIGO, NOMBRE, DIRECCION, TIPO) values (165453385548234, 'University of the West Indies St. Augustine', '069 Marquette Road', 'U');
insert into INSTITUCIONES (CODIGO, NOMBRE, DIRECCION, TIPO) values (464081661098296, 'Dublin Institute of Technology', '40 Ryan Court', 'E');
insert into INSTITUCIONES (CODIGO, NOMBRE, DIRECCION, TIPO) values (516730360790318, 'Universidad de Iberoamérica', '4060 Express Court', 'U');
insert into INSTITUCIONES (CODIGO, NOMBRE, DIRECCION, TIPO) values (146478008020978, 'Regent College', '0643 Arizona Parkway', 'E');
insert into INSTITUCIONES (CODIGO, NOMBRE, DIRECCION, TIPO) values (819746330657510, 'La Roche College', '47587 Mosinee Trail', 'U');
insert into INSTITUCIONES (CODIGO, NOMBRE, DIRECCION, TIPO) values (285335632838364, 'Universidad Catolica de Temuco', '1 Debs Terrace', 'E');
insert into INSTITUCIONES (CODIGO, NOMBRE, DIRECCION, TIPO) values (432612132749403, 'University of Wroclaw', '86597 Schmedeman Point', 'U');
insert into INSTITUCIONES (CODIGO, NOMBRE, DIRECCION, TIPO) values (554236689209693, 'Université Stendhal (Grenoble III)', '35251 Corben Circle', 'E');
insert into INSTITUCIONES (CODIGO, NOMBRE, DIRECCION, TIPO) values (264023160543046, 'East Ukrainian National University', '4699 Armistice Way', 'U');
insert into INSTITUCIONES (CODIGO, NOMBRE, DIRECCION, TIPO) values (128889463413602, 'University of Queensland', '27127 Golden Leaf Lane', 'E');
insert into INSTITUCIONES (CODIGO, NOMBRE, DIRECCION, TIPO) values (889019783772417, 'Institute of Teachers Education, Rajang', '1 Loftsgordon Avenue', 'U');
insert into INSTITUCIONES (CODIGO, NOMBRE, DIRECCION, TIPO) values (85740309283281, 'Politeknik Negeri Padang', '3316 Lighthouse Bay Point', 'E');
insert into INSTITUCIONES (CODIGO, NOMBRE, DIRECCION, TIPO) values (48246727227711, 'Merz Akademie, Hochschule für Gestaltung Stuttgart', '7863 Muir Alley', 'E');
insert into INSTITUCIONES (CODIGO, NOMBRE, DIRECCION, TIPO) values (360939833113171, 'Saitama Institute of Technology', '362 Montana Drive', 'U');
insert into INSTITUCIONES (CODIGO, NOMBRE, DIRECCION, TIPO) values (18729415973309, 'Islamia University of Bahawalpur', '6 Steensland Place', 'U');
insert into INSTITUCIONES (CODIGO, NOMBRE, DIRECCION, TIPO) values (795245044247144, 'Eastern Michigan University', '33 2nd Trail', 'E');
insert into INSTITUCIONES (CODIGO, NOMBRE, DIRECCION, TIPO) values (983320900764403, 'Hanseo University', '26 Anzinger Drive', 'E');
insert into INSTITUCIONES (CODIGO, NOMBRE, DIRECCION, TIPO) values (235662815989828, 'Hochschule für Politik (HFP)', '3 Norway Maple Terrace', 'U');
insert into INSTITUCIONES (CODIGO, NOMBRE, DIRECCION, TIPO) values (311843758663784, 'University of Mauritius', '2222 Mariners Cove Park', 'U');
insert into INSTITUCIONES (CODIGO, NOMBRE, DIRECCION, TIPO) values (877458367170393, 'Kota Bharu Polytechnic', '87 Oak Center', 'U');
insert into INSTITUCIONES (CODIGO, NOMBRE, DIRECCION, TIPO) values (57348784903844, 'Institut Sains & Teknologi Akprind', '4 Dorton Center', 'E');
insert into INSTITUCIONES (CODIGO, NOMBRE, DIRECCION, TIPO) values (577190393947741, 'Universitat Autónoma de Barcelona', '34 Mitchell Place', 'U');
insert into INSTITUCIONES (CODIGO, NOMBRE, DIRECCION, TIPO) values (229608401973093, 'Showa University', '28 Stoughton Parkway', 'E');
insert into INSTITUCIONES (CODIGO, NOMBRE, DIRECCION, TIPO) values (749197691794303, 'Columbus College of Art and Design', '6102 Dorton Street', 'E');
insert into INSTITUCIONES (CODIGO, NOMBRE, DIRECCION, TIPO) values (254701715124760, 'Covenant University', '66110 Heffernan Crossing', 'E');
insert into INSTITUCIONES (CODIGO, NOMBRE, DIRECCION, TIPO) values (802568858494427, 'Forest Institute of Professional Psychology', '62 Steensland Place', 'U');
insert into INSTITUCIONES (CODIGO, NOMBRE, DIRECCION, TIPO) values (2644991032611, 'Ungku Omar Premier Polytechnic', '82637 Summit Drive', 'E');
insert into INSTITUCIONES (CODIGO, NOMBRE, DIRECCION, TIPO) values (783902129441549, 'Southwestern Assemblies of God University', '47 Del Mar Avenue', 'U');
insert into INSTITUCIONES (CODIGO, NOMBRE, DIRECCION, TIPO) values (708690442775249, 'Institut des hautes études économiques et commerciales', '650 Oriole Trail', 'E');
insert into INSTITUCIONES (CODIGO, NOMBRE, DIRECCION, TIPO) values (566874432706279, 'Universidad Nacional de General San Martín', '37261 Jana Crossing', 'E');
insert into INSTITUCIONES (CODIGO, NOMBRE, DIRECCION, TIPO) values (78205031935044, 'University of the Faroe Islands', '8 Dayton Way', 'E');
insert into INSTITUCIONES (CODIGO, NOMBRE, DIRECCION, TIPO) values (294618665032496, 'Yakutsk State University', '5052 Fisk Place', 'E');
insert into INSTITUCIONES (CODIGO, NOMBRE, DIRECCION, TIPO) values (699125754294131, 'Universidade Federal de Campina Grande', '9479 Buhler Road', 'U');
insert into INSTITUCIONES (CODIGO, NOMBRE, DIRECCION, TIPO) values (29390945520998, 'Yantai University', '0 Butterfield Way', 'E');
insert into INSTITUCIONES (CODIGO, NOMBRE, DIRECCION, TIPO) values (68888069657072, 'Majan University College', '8424 Butternut Lane', 'E');
insert into INSTITUCIONES (CODIGO, NOMBRE, DIRECCION, TIPO) values (955168683853731, 'Green University of Bangladesh', '68862 Gerald Junction', 'U');
insert into INSTITUCIONES (CODIGO, NOMBRE, DIRECCION, TIPO) values (932357217356986, 'Ivanovo State Textile Academy', '7 Sycamore Court', 'E');
insert into INSTITUCIONES (CODIGO, NOMBRE, DIRECCION, TIPO) values (538975110330352, 'Kalmar University College', '46 Morning Hill', 'E');
insert into INSTITUCIONES (CODIGO, NOMBRE, DIRECCION, TIPO) values (5252378788660, 'Universidad Autónoma de Baja California Sur', '89 Tennyson Parkway', 'E');
insert into INSTITUCIONES (CODIGO, NOMBRE, DIRECCION, TIPO) values (269946812169614, 'National University of Modern Languages', '58736 Clarendon Park', 'U');
insert into INSTITUCIONES (CODIGO, NOMBRE, DIRECCION, TIPO) values (607243345831283, 'Escuela de Policia "General Santander"', '94205 Manufacturers Street', 'U');
insert into INSTITUCIONES (CODIGO, NOMBRE, DIRECCION, TIPO) values (706596209939424, 'Yukon College', '4 Boyd Park', 'E');
insert into INSTITUCIONES (CODIGO, NOMBRE, DIRECCION, TIPO) values (11837677839791, 'Barry University', '6 Roth Avenue', 'U');
insert into INSTITUCIONES (CODIGO, NOMBRE, DIRECCION, TIPO) values (994666757843937, 'Thomas More College of Liberal Arts', '55738 Bashford Street', 'E');
insert into INSTITUCIONES (CODIGO, NOMBRE, DIRECCION, TIPO) values (236923850078436, 'Sweet Briar College', '712 Forster Terrace', 'E');
insert into INSTITUCIONES (CODIGO, NOMBRE, DIRECCION, TIPO) values (241906491803735, 'Intercollege', '95 Lunder Place', 'E');
insert into INSTITUCIONES (CODIGO, NOMBRE, DIRECCION, TIPO) values (857514231482824, 'Thainguyen University of Agriculture and Forestry', '19 Valley Edge Trail', 'U');
insert into INSTITUCIONES (CODIGO, NOMBRE, DIRECCION, TIPO) values (732088066546452, 'Chongqing University of Communications', '796 Duke Way', 'E');
insert into INSTITUCIONES (CODIGO, NOMBRE, DIRECCION, TIPO) values (749441610663043, 'International University of Kyrgyzstan', '74421 Hudson Park', 'U');
insert into INSTITUCIONES (CODIGO, NOMBRE, DIRECCION, TIPO) values (248877910781232, 'Universiti Teknologi Petronas', '9 Tomscot Road', 'E');
insert into INSTITUCIONES (CODIGO, NOMBRE, DIRECCION, TIPO) values (545907972704785, 'Arab Open University', '63 Melody Lane', 'E');
insert into INSTITUCIONES (CODIGO, NOMBRE, DIRECCION, TIPO) values (590184637061428, 'Alhosn University', '83593 Fuller Trail', 'U');
insert into INSTITUCIONES (CODIGO, NOMBRE, DIRECCION, TIPO) values (217393868029667, 'Jinan University', '6 Mayer Court', 'U');
insert into INSTITUCIONES (CODIGO, NOMBRE, DIRECCION, TIPO) values (628962796138007, 'Xi''an University of Architecture and Technology', '7 Porter Road', 'E');
insert into INSTITUCIONES (CODIGO, NOMBRE, DIRECCION, TIPO) values (442618618767685, 'Universidad Nuevo Mundo', '24238 Monument Crossing', 'E');
insert into INSTITUCIONES (CODIGO, NOMBRE, DIRECCION, TIPO) values (330153788829719, 'Private FernFachhochschule Darmstadt', '60149 Declaration Circle', 'E');
insert into INSTITUCIONES (CODIGO, NOMBRE, DIRECCION, TIPO) values (39219217217838, 'Fachhochschule Ingolstadt', '1 Victoria Court', 'E');
insert into INSTITUCIONES (CODIGO, NOMBRE, DIRECCION, TIPO) values (448149378010444, 'Technological University (Mandalay)', '85354 Glacier Hill Center', 'U');
insert into INSTITUCIONES (CODIGO, NOMBRE, DIRECCION, TIPO) values (916176050136210, 'Argosy University - Hawaii', '3 Forest Run Parkway', 'E');
insert into INSTITUCIONES (CODIGO, NOMBRE, DIRECCION, TIPO) values (747350361993013, 'United States Coast Guard Academy', '8812 Hauk Plaza', 'E');
insert into INSTITUCIONES (CODIGO, NOMBRE, DIRECCION, TIPO) values (537033457400916, 'Universität Bielefeld', '03 Springview Circle', 'U');
insert into INSTITUCIONES (CODIGO, NOMBRE, DIRECCION, TIPO) values (83988540907984, 'Universidad de Salamanca', '9576 Anhalt Drive', 'E');
insert into INSTITUCIONES (CODIGO, NOMBRE, DIRECCION, TIPO) values (930590423462584, 'Detroit College of Business', '91 Springs Parkway', 'E');
insert into INSTITUCIONES (CODIGO, NOMBRE, DIRECCION, TIPO) values (553925931031785, 'Open University of Hong Kong', '4 Elgar Place', 'E');
insert into INSTITUCIONES (CODIGO, NOMBRE, DIRECCION, TIPO) values (279140292533651, 'Universidade Católica de Moçambique', '63543 Holmberg Way', 'E');
insert into INSTITUCIONES (CODIGO, NOMBRE, DIRECCION, TIPO) values (508802703203137, 'Universidade Federal de Sergipe', '494 Kipling Place', 'E');
insert into INSTITUCIONES (CODIGO, NOMBRE, DIRECCION, TIPO) values (730348886430458, 'Crimea State Medical University', '7593 Menomonie Point', 'E');
insert into INSTITUCIONES (CODIGO, NOMBRE, DIRECCION, TIPO) values (160519277214641, 'Universitas Tanjungpura', '60874 Everett Place', 'E');
insert into INSTITUCIONES (CODIGO, NOMBRE, DIRECCION, TIPO) values (856490917096080, 'Instituto Tecnológico de Aguascalientes', '451 Tony Drive', 'U');
insert into INSTITUCIONES (CODIGO, NOMBRE, DIRECCION, TIPO) values (816181107295359, 'St. Petersburg State Mining Institute (Technical University)', '4 Sutherland Hill', 'U');
insert into INSTITUCIONES (CODIGO, NOMBRE, DIRECCION, TIPO) values (640306676447537, 'Universidad Católica de Santa Fé', '47 Pond Park', 'U');
insert into INSTITUCIONES (CODIGO, NOMBRE, DIRECCION, TIPO) values (38665809995998, 'Northwestern University In Qatar', '9 Hoffman Road', 'U');
insert into INSTITUCIONES (CODIGO, NOMBRE, DIRECCION, TIPO) values (124653674290238, 'St. Petersburg State University of Culture and Arts', '11130 Nova Park', 'U');
insert into INSTITUCIONES (CODIGO, NOMBRE, DIRECCION, TIPO) values (401695328446647, 'Randolph-Macon Woman''s College', '1 Butterfield Circle', 'E');
insert into INSTITUCIONES (CODIGO, NOMBRE, DIRECCION, TIPO) values (84056128397934, 'Boston University', '6 Bobwhite Center', 'U');
insert into INSTITUCIONES (CODIGO, NOMBRE, DIRECCION, TIPO) values (444827157065873, 'National Aerospace University Kharkov Aviation Institute', '083 Beilfuss Lane', 'U');
insert into INSTITUCIONES (CODIGO, NOMBRE, DIRECCION, TIPO) values (614128411729885, 'Josai International University', '57 Marcy Avenue', 'E');
insert into INSTITUCIONES (CODIGO, NOMBRE, DIRECCION, TIPO) values (116092816164909, 'Beijing Polytechnic University', '6813 Jackson Drive', 'E');
insert into INSTITUCIONES (CODIGO, NOMBRE, DIRECCION, TIPO) values (898262570323489, 'Grace University', '5734 Nobel Terrace', 'U');
insert into INSTITUCIONES (CODIGO, NOMBRE, DIRECCION, TIPO) values (537045715875515, 'University of Texas at Austin', '4884 Marcy Plaza', 'E');
insert into INSTITUCIONES (CODIGO, NOMBRE, DIRECCION, TIPO) values (912308623334331, 'Université de Yaoundé II', '26768 Novick Avenue', 'U');
insert into INSTITUCIONES (CODIGO, NOMBRE, DIRECCION, TIPO) values (687706145067347, 'Taylor University', '170 Farragut Terrace', 'E');
insert into INSTITUCIONES (CODIGO, NOMBRE, DIRECCION, TIPO) values (226666812576122, 'National Institute of Technology, Calicut', '85 Ryan Court', 'U');
insert into INSTITUCIONES (CODIGO, NOMBRE, DIRECCION, TIPO) values (408584075118264, 'Hood College', '154 Memorial Street', 'U');
insert into INSTITUCIONES (CODIGO, NOMBRE, DIRECCION, TIPO) values (104657040938768, 'Saba University', '0931 5th Alley', 'E');
insert into INSTITUCIONES (CODIGO, NOMBRE, DIRECCION, TIPO) values (428484382842234, 'Marcus Oldham College', '90200 Iowa Plaza', 'U');
insert into INSTITUCIONES (CODIGO, NOMBRE, DIRECCION, TIPO) values (998719074176168, 'Universidade de Coimbra', '1132 Karstens Crossing', 'E');
insert into INSTITUCIONES (CODIGO, NOMBRE, DIRECCION, TIPO) values (61916879102385, 'Tama Institute of Management and Information Sciences', '93 Summit Alley', 'E');
insert into INSTITUCIONES (CODIGO, NOMBRE, DIRECCION, TIPO) values (616411056178100, 'University of Liverpool', '8 Fulton Court', 'E');
insert into INSTITUCIONES (CODIGO, NOMBRE, DIRECCION, TIPO) values (893266235793366, 'University of Health and Science', '7 Corben Junction', 'U');
insert into INSTITUCIONES (CODIGO, NOMBRE, DIRECCION, TIPO) values (318630195854762, 'Millersville University of Pennsylvania', '00144 Artisan Avenue', 'E');
insert into INSTITUCIONES (CODIGO, NOMBRE, DIRECCION, TIPO) values (899284524005989, 'Columbia College Hollywood', '34251 Gina Plaza', 'E');
insert into INSTITUCIONES (CODIGO, NOMBRE, DIRECCION, TIPO) values (655444099902878, 'Universidade Federal Rural do Rio de Janeiro', '6313 Garrison Alley', 'U');
insert into INSTITUCIONES (CODIGO, NOMBRE, DIRECCION, TIPO) values (633450721925754, 'Sabanci University', '4 Morningstar Court', 'E');
insert into INSTITUCIONES (CODIGO, NOMBRE, DIRECCION, TIPO) values (872946408213643, 'Fachhochschule Gießen-Friedberg', '0609 Park Meadow Park', 'U');
insert into INSTITUCIONES (CODIGO, NOMBRE, DIRECCION, TIPO) values (859590710387116, 'Eichi University', '950 Coolidge Street', 'U');
insert into INSTITUCIONES (CODIGO, NOMBRE, DIRECCION, TIPO) values (78839347640718, 'Shaheed Beheshti University', '16 Gulseth Circle', 'U');
insert into INSTITUCIONES (CODIGO, NOMBRE, DIRECCION, TIPO) values (480613914801893, 'Keck Graduate Institute of Applied Life Sciences', '284 Onsgard Crossing', 'E');
insert into INSTITUCIONES (CODIGO, NOMBRE, DIRECCION, TIPO) values (150120956086675, 'Universitas Ibn Khaldun Bogor', '9301 Forster Point', 'E');
insert into INSTITUCIONES (CODIGO, NOMBRE, DIRECCION, TIPO) values (248913743640613, 'Franklin Pierce Law Center', '7 Artisan Hill', 'U');
insert into INSTITUCIONES (CODIGO, NOMBRE, DIRECCION, TIPO) values (248485073241237, 'Thammasat University', '842 Kipling Terrace', 'U');
insert into INSTITUCIONES (CODIGO, NOMBRE, DIRECCION, TIPO) values (961086199805985, 'Aomori Chuoh Gakuin University', '7 Forest Run Street', 'U');
insert into INSTITUCIONES (CODIGO, NOMBRE, DIRECCION, TIPO) values (340636833203794, 'University of Chieti', '0 Eggendart Alley', 'U');
insert into INSTITUCIONES (CODIGO, NOMBRE, DIRECCION, TIPO) values (121173420121830, 'Rocky Mountain College', '625 Dottie Pass', 'U');
insert into INSTITUCIONES (CODIGO, NOMBRE, DIRECCION, TIPO) values (295333813167588, 'KDU College Sdn Bhd', '437 Lakeland Plaza', 'E');
insert into INSTITUCIONES (CODIGO, NOMBRE, DIRECCION, TIPO) values (631207114220854, 'Thiruvalluvar University', '04326 Acker Avenue', 'U');
insert into INSTITUCIONES (CODIGO, NOMBRE, DIRECCION, TIPO) values (207651107797766, 'Johnson C. Smith University', '40 School Trail', 'U');
insert into INSTITUCIONES (CODIGO, NOMBRE, DIRECCION, TIPO) values (99752229711123, 'North West Frontier Province Agricultural University', '63 Clyde Gallagher Terrace', 'U');
insert into INSTITUCIONES (CODIGO, NOMBRE, DIRECCION, TIPO) values (304401221183203, 'Providence College', '0 Dayton Lane', 'U');
insert into INSTITUCIONES (CODIGO, NOMBRE, DIRECCION, TIPO) values (805795937581631, 'Pyongtaek University ', '7309 Shelley Hill', 'E');
insert into INSTITUCIONES (CODIGO, NOMBRE, DIRECCION, TIPO) values (440387641064809, 'Manuel L. Quezon University', '2 Prairie Rose Hill', 'E');
insert into INSTITUCIONES (CODIGO, NOMBRE, DIRECCION, TIPO) values (957777488192413, 'Prince of Songkla University', '6 Dawn Place', 'U');
insert into INSTITUCIONES (CODIGO, NOMBRE, DIRECCION, TIPO) values (795945771309590, 'University of Dayton', '1066 Harbort Trail', 'E');
insert into INSTITUCIONES (CODIGO, NOMBRE, DIRECCION, TIPO) values (500663670191500, 'Northwestern University', '292 Division Pass', 'U');
insert into INSTITUCIONES (CODIGO, NOMBRE, DIRECCION, TIPO) values (887233673296829, 'Novosibirsk State Music Academy M. Glinka', '2177 Moland Parkway', 'E');
insert into INSTITUCIONES (CODIGO, NOMBRE, DIRECCION, TIPO) values (184072657427733, 'Godfrey Okoye University', '86 Clyde Gallagher Circle', 'U');
insert into INSTITUCIONES (CODIGO, NOMBRE, DIRECCION, TIPO) values (463437689338961, 'Universidade Federal de Viçosa', '4854 Daystar Lane', 'E');
insert into INSTITUCIONES (CODIGO, NOMBRE, DIRECCION, TIPO) values (598805238345895, 'University of Molise', '00 Golden Leaf Junction', 'U');
insert into INSTITUCIONES (CODIGO, NOMBRE, DIRECCION, TIPO) values (877611921858950, 'Universidad Técnica de Ambato', '40 Armistice Hill', 'U');
insert into INSTITUCIONES (CODIGO, NOMBRE, DIRECCION, TIPO) values (271700735959375, 'Ibrahim Babangida University', '16530 Oak Trail', 'E');
insert into INSTITUCIONES (CODIGO, NOMBRE, DIRECCION, TIPO) values (578084123765962, 'Osaka International University for Women', '8 Eliot Trail', 'E');
insert into INSTITUCIONES (CODIGO, NOMBRE, DIRECCION, TIPO) values (332035539554448, 'Inner Mongolia Polytechnic University', '65 Schmedeman Way', 'E');
insert into INSTITUCIONES (CODIGO, NOMBRE, DIRECCION, TIPO) values (920866507097, 'Beykent University', '76 Graedel Lane', 'E');
insert into INSTITUCIONES (CODIGO, NOMBRE, DIRECCION, TIPO) values (213414447293344, 'Dániel Berzsenyi Teacher Training College', '44 Alpine Hill', 'U');
insert into INSTITUCIONES (CODIGO, NOMBRE, DIRECCION, TIPO) values (500322662548751, 'Wright Institute', '42 West Crossing', 'U');
insert into INSTITUCIONES (CODIGO, NOMBRE, DIRECCION, TIPO) values (520008714469785, 'University of Saint Joseph', '37508 Starling Street', 'E');
insert into INSTITUCIONES (CODIGO, NOMBRE, DIRECCION, TIPO) values (301894462309833, 'Samarkand State University', '73 Elmside Terrace', 'E');
insert into INSTITUCIONES (CODIGO, NOMBRE, DIRECCION, TIPO) values (561025806842109, 'Université d''Alger', '9 Dottie Court', 'U');
insert into INSTITUCIONES (CODIGO, NOMBRE, DIRECCION, TIPO) values (254631096779648, 'Kisii University', '000 North Way', 'E');
insert into INSTITUCIONES (CODIGO, NOMBRE, DIRECCION, TIPO) values (439207692172896, 'Kampala University', '77874 Buena Vista Hill', 'E');
insert into INSTITUCIONES (CODIGO, NOMBRE, DIRECCION, TIPO) values (579073680759248, 'Technical University of Budapest', '676 Old Gate Crossing', 'E');
insert into INSTITUCIONES (CODIGO, NOMBRE, DIRECCION, TIPO) values (865749085499611, 'Janus Pannonius University', '24682 Corscot Place', 'U');
insert into INSTITUCIONES (CODIGO, NOMBRE, DIRECCION, TIPO) values (915822936624895, 'Universidad Isaac Newton', '92 Division Place', 'U');
insert into INSTITUCIONES (CODIGO, NOMBRE, DIRECCION, TIPO) values (764003620830026, 'Shibaura Institute of Technology', '589 Algoma Hill', 'U');
insert into INSTITUCIONES (CODIGO, NOMBRE, DIRECCION, TIPO) values (307253495400849, 'Ohio University - Lancaster', '91 Glendale Way', 'U');
insert into INSTITUCIONES (CODIGO, NOMBRE, DIRECCION, TIPO) values (167777358286982, 'University of the Immaculate Conception', '735 7th Alley', 'U');
insert into INSTITUCIONES (CODIGO, NOMBRE, DIRECCION, TIPO) values (79366769931114, 'Karadeniz Technical University', '293 Debra Trail', 'U');
insert into INSTITUCIONES (CODIGO, NOMBRE, DIRECCION, TIPO) values (989186131295523, 'Université d''Orléans', '021 Maryland Street', 'U');
insert into INSTITUCIONES (CODIGO, NOMBRE, DIRECCION, TIPO) values (303701359862877, 'Calvary Bible College', '4 Moose Crossing', 'E');
insert into INSTITUCIONES (CODIGO, NOMBRE, DIRECCION, TIPO) values (474846003743428, 'Universidad de Sonora', '26 Bartillon Pass', 'U');
insert into INSTITUCIONES (CODIGO, NOMBRE, DIRECCION, TIPO) values (757710081920658, 'Université Julius Nyerere Kankan', '3452 Roxbury Drive', 'E');
insert into INSTITUCIONES (CODIGO, NOMBRE, DIRECCION, TIPO) values (58020533955356, 'University of Education Hradec Kralove', '7066 High Crossing Place', 'E');
insert into INSTITUCIONES (CODIGO, NOMBRE, DIRECCION, TIPO) values (523076605132600, 'Murray State University', '338 Jenifer Trail', 'U');
insert into INSTITUCIONES (CODIGO, NOMBRE, DIRECCION, TIPO) values (624596405458618, 'Northern State Medical University', '296 Melrose Plaza', 'U');
insert into INSTITUCIONES (CODIGO, NOMBRE, DIRECCION, TIPO) values (974070830638880, 'Divine Word College of Legazpi', '36 Meadow Vale Avenue', 'E');
insert into INSTITUCIONES (CODIGO, NOMBRE, DIRECCION, TIPO) values (380453339756246, 'University of North Texas Health Science Center at Fort Worth', '8971 Gerald Way', 'E');
insert into INSTITUCIONES (CODIGO, NOMBRE, DIRECCION, TIPO) values (640501617276893, 'University Canada West', '2 Elmside Pass', 'E');
insert into INSTITUCIONES (CODIGO, NOMBRE, DIRECCION, TIPO) values (743782803869934, 'Red Sea University', '13 Holy Cross Lane', 'E');
insert into INSTITUCIONES (CODIGO, NOMBRE, DIRECCION, TIPO) values (435414113102633, 'AISTEDA', '3653 Maple Wood Point', 'U');
insert into INSTITUCIONES (CODIGO, NOMBRE, DIRECCION, TIPO) values (449815781017600, 'Oklahoma State University - Institute of Technology', '2 Veith Point', 'U');
insert into INSTITUCIONES (CODIGO, NOMBRE, DIRECCION, TIPO) values (418760973403198, 'Baku State University', '402 Forest Run Plaza', 'U');
insert into INSTITUCIONES (CODIGO, NOMBRE, DIRECCION, TIPO) values (656855947767331, 'Universidad de Oriente', '93082 Oakridge Court', 'E');
insert into INSTITUCIONES (CODIGO, NOMBRE, DIRECCION, TIPO) values (494658438833826, 'Universidad del Desarrollo', '83 Express Court', 'E');
insert into INSTITUCIONES (CODIGO, NOMBRE, DIRECCION, TIPO) values (439865540916632, 'Instituto Superior Minero Metalúrgico "Dr. Antonio Núñez Jiménez"', '9446 Welch Street', 'E');
insert into INSTITUCIONES (CODIGO, NOMBRE, DIRECCION, TIPO) values (985206220241230, 'Fachhochschule Niederrhein', '62 Anhalt Terrace', 'U');
insert into INSTITUCIONES (CODIGO, NOMBRE, DIRECCION, TIPO) values (725041823572868, 'Ueno Gakuen College', '23437 Westport Plaza', 'U');
insert into INSTITUCIONES (CODIGO, NOMBRE, DIRECCION, TIPO) values (758076974682256, 'Southwest Petroleum University', '146 Bunting Street', 'U');
insert into INSTITUCIONES (CODIGO, NOMBRE, DIRECCION, TIPO) values (564452697950672, ' Technological University (Yangon)', '0546 Monterey Parkway', 'E');
insert into INSTITUCIONES (CODIGO, NOMBRE, DIRECCION, TIPO) values (286679097101413, 'Free International University of Moldova', '008 Corscot Drive', 'E');
insert into INSTITUCIONES (CODIGO, NOMBRE, DIRECCION, TIPO) values (90814716659639, 'University of Westminster', '5 Nevada Terrace', 'E');
insert into INSTITUCIONES (CODIGO, NOMBRE, DIRECCION, TIPO) values (614402816991119, 'Catholic University in Ruzomberok', '8400 Hudson Court', 'E');
insert into INSTITUCIONES (CODIGO, NOMBRE, DIRECCION, TIPO) values (377622267550607, 'Tiraspol State University', '14877 Bluestem Circle', 'U');
insert into INSTITUCIONES (CODIGO, NOMBRE, DIRECCION, TIPO) values (681846535916142, 'DeVry Institute of Technology, DuPage', '9527 Texas Road', 'U');
insert into INSTITUCIONES (CODIGO, NOMBRE, DIRECCION, TIPO) values (575982225404919, 'Universidad Monteávila', '1321 Lillian Point', 'U');
insert into INSTITUCIONES (CODIGO, NOMBRE, DIRECCION, TIPO) values (678052019703824, 'Wagner College', '0 Blue Bill Park Court', 'E');
insert into INSTITUCIONES (CODIGO, NOMBRE, DIRECCION, TIPO) values (340789250015516, 'University of Udine', '827 Morning Center', 'E');
insert into INSTITUCIONES (CODIGO, NOMBRE, DIRECCION, TIPO) values (323401750406661, 'Firat (Euphrates) University', '55 Homewood Trail', 'U');
insert into INSTITUCIONES (CODIGO, NOMBRE, DIRECCION, TIPO) values (307015663388288, 'University of Nottingham, Malaysia Campus', '2276 Mitchell Avenue', 'U');
insert into INSTITUCIONES (CODIGO, NOMBRE, DIRECCION, TIPO) values (850038694805666, 'Franciscan University of Steubenville', '0367 Bultman Alley', 'E');
insert into INSTITUCIONES (CODIGO, NOMBRE, DIRECCION, TIPO) values (116730269525630, 'University of Science and Technology of China', '5932 Independence Hill', 'E');
insert into INSTITUCIONES (CODIGO, NOMBRE, DIRECCION, TIPO) values (450478504366700, 'Tennessee State University', '581 Grayhawk Road', 'U');
insert into INSTITUCIONES (CODIGO, NOMBRE, DIRECCION, TIPO) values (421578464811489, 'School of Oriental and African Studies, University of London', '69166 Anthes Street', 'U');
insert into INSTITUCIONES (CODIGO, NOMBRE, DIRECCION, TIPO) values (936832418147181, 'University of Florence', '82 Meadow Ridge Crossing', 'U');
insert into INSTITUCIONES (CODIGO, NOMBRE, DIRECCION, TIPO) values (745545543083720, 'Shanghai International Studies University', '6112 Hagan Parkway', 'U');
insert into INSTITUCIONES (CODIGO, NOMBRE, DIRECCION, TIPO) values (977650157282404, 'Our Lady of the Lake University', '74962 Hallows Circle', 'E');
insert into INSTITUCIONES (CODIGO, NOMBRE, DIRECCION, TIPO) values (557060876283390, 'Instituto Tecnológico de León', '2780 Rutledge Avenue', 'U');
insert into INSTITUCIONES (CODIGO, NOMBRE, DIRECCION, TIPO) values (845452151179068, 'De Haagse Hogeschool', '4252 Loftsgordon Pass', 'U');
insert into INSTITUCIONES (CODIGO, NOMBRE, DIRECCION, TIPO) values (282472159232998, 'Western Kentucky University', '14603 Arrowood Park', 'U');
insert into INSTITUCIONES (CODIGO, NOMBRE, DIRECCION, TIPO) values (281299757117793, 'Hubert Kairuki Memorial University', '679 Iowa Hill', 'E');
insert into INSTITUCIONES (CODIGO, NOMBRE, DIRECCION, TIPO) values (1058166522198, 'University of Cebu', '946 Schurz Place', 'E');
insert into INSTITUCIONES (CODIGO, NOMBRE, DIRECCION, TIPO) values (595379256244770, 'Instituto Tecnológico de Querétaro', '90965 Victoria Parkway', 'E');
insert into INSTITUCIONES (CODIGO, NOMBRE, DIRECCION, TIPO) values (76524490756912, 'Aga Khan University', '847 Continental Court', 'E');
insert into INSTITUCIONES (CODIGO, NOMBRE, DIRECCION, TIPO) values (920121849567866, 'Hochschule Fulda', '84 Cardinal Park', 'U');
insert into INSTITUCIONES (CODIGO, NOMBRE, DIRECCION, TIPO) values (770107249412161, 'Islamic Azad University, Qazvin', '9 Mallory Road', 'U');
insert into INSTITUCIONES (CODIGO, NOMBRE, DIRECCION, TIPO) values (572853496906730, 'Universidad Privada de Santa Cruz de la Sierra', '1 Steensland Trail', 'U');
insert into INSTITUCIONES (CODIGO, NOMBRE, DIRECCION, TIPO) values (861829949499718, 'Université Paris Nanterre (Paris X)', '2763 Carioca Way', 'E');
insert into INSTITUCIONES (CODIGO, NOMBRE, DIRECCION, TIPO) values (686368577955010, 'Central America Health Sciences University (Belize Medical College)', '0 Dexter Point', 'E');
insert into INSTITUCIONES (CODIGO, NOMBRE, DIRECCION, TIPO) values (403720824715064, 'Kharkiv State Transport Technical University', '2941 Claremont Park', 'E');
insert into INSTITUCIONES (CODIGO, NOMBRE, DIRECCION, TIPO) values (938975449106200, 'William and Catherine Booth College', '32177 Dorton Court', 'E');
insert into INSTITUCIONES (CODIGO, NOMBRE, DIRECCION, TIPO) values (385691788558855, 'Henan Normal University', '6290 Granby Center', 'U');
insert into INSTITUCIONES (CODIGO, NOMBRE, DIRECCION, TIPO) values (181548218385971, 'Texas A&M University - Kingsville', '385 West Park', 'E');
insert into INSTITUCIONES (CODIGO, NOMBRE, DIRECCION, TIPO) values (176306026980120, 'Ecole Supérieure de Commerce de Bordeaux', '14 Pleasure Circle', 'E');
insert into INSTITUCIONES (CODIGO, NOMBRE, DIRECCION, TIPO) values (27814687412093, 'Iwaki Meisei University', '9 Kenwood Junction', 'U');
insert into INSTITUCIONES (CODIGO, NOMBRE, DIRECCION, TIPO) values (48481960712744, 'University of Hull', '3 Ridge Oak Crossing', 'E');
insert into INSTITUCIONES (CODIGO, NOMBRE, DIRECCION, TIPO) values (517781474008127, 'Al-Quds University - The Arab University in Jerusalem', '88 Eagan Center', 'E');
insert into INSTITUCIONES (CODIGO, NOMBRE, DIRECCION, TIPO) values (569223204665988, 'Central University for Nationalities', '53342 Ilene Lane', 'U');
insert into INSTITUCIONES (CODIGO, NOMBRE, DIRECCION, TIPO) values (657829979864070, 'Assam University', '95885 Sachtjen Court', 'U');
insert into INSTITUCIONES (CODIGO, NOMBRE, DIRECCION, TIPO) values (662160310760276, 'Jimei University', '96965 Southridge Place', 'U');
insert into INSTITUCIONES (CODIGO, NOMBRE, DIRECCION, TIPO) values (626477502481474, 'Troy University', '9239 Morningstar Crossing', 'U');
insert into INSTITUCIONES (CODIGO, NOMBRE, DIRECCION, TIPO) values (136311353646913, 'Instituto Superior de Informática e Gestão', '13 Pawling Hill', 'U');
insert into INSTITUCIONES (CODIGO, NOMBRE, DIRECCION, TIPO) values (11972558931508, 'Louisiana State University at Eunice', '991 Pepper Wood Plaza', 'U');
insert into INSTITUCIONES (CODIGO, NOMBRE, DIRECCION, TIPO) values (591412338155475, 'National Transport University', '644 Spohn Trail', 'U');
insert into INSTITUCIONES (CODIGO, NOMBRE, DIRECCION, TIPO) values (295678736487753, 'Ashkelon Academic College', '149 Armistice Crossing', 'U');
insert into INSTITUCIONES (CODIGO, NOMBRE, DIRECCION, TIPO) values (587029762475822, 'Maryam Institute of Higher Education', '504 Sauthoff Parkway', 'E');
insert into INSTITUCIONES (CODIGO, NOMBRE, DIRECCION, TIPO) values (176935536306537, 'St. Pauls University', '67157 Waywood Alley', 'E');
insert into INSTITUCIONES (CODIGO, NOMBRE, DIRECCION, TIPO) values (924798117795130, 'Universidad de Puerto Rico, Bayamon', '98 Cordelia Place', 'E');
insert into INSTITUCIONES (CODIGO, NOMBRE, DIRECCION, TIPO) values (734069204769836, 'Universidad Nacional de La Libertad, Trujillo', '641 Porter Drive', 'U');
insert into INSTITUCIONES (CODIGO, NOMBRE, DIRECCION, TIPO) values (529238467162592, 'Samara State University', '883 Summer Ridge Terrace', 'E');
insert into INSTITUCIONES (CODIGO, NOMBRE, DIRECCION, TIPO) values (400080980958697, 'Staatliche Hochschule für Musik', '91 Elmside Hill', 'E');
insert into INSTITUCIONES (CODIGO, NOMBRE, DIRECCION, TIPO) values (179424256890099, 'Shaikh Zayed University', '0 Lindbergh Parkway', 'U');
insert into INSTITUCIONES (CODIGO, NOMBRE, DIRECCION, TIPO) values (767013326860883, 'Tashkent Islam University', '91370 Clyde Gallagher Circle', 'E');
insert into INSTITUCIONES (CODIGO, NOMBRE, DIRECCION, TIPO) values (900366254357801, 'Tohoku Institute of Technology', '4 Bartillon Street', 'E');
insert into INSTITUCIONES (CODIGO, NOMBRE, DIRECCION, TIPO) values (830467007694561, 'Kurdistan University of Medical Sciences', '5 Eagle Crest Crossing', 'U');
insert into INSTITUCIONES (CODIGO, NOMBRE, DIRECCION, TIPO) values (364130899220188, 'Moscow State University of Forestry Engineering', '1336 Darwin Trail', 'E');
insert into INSTITUCIONES (CODIGO, NOMBRE, DIRECCION, TIPO) values (229137278376365, 'University of Kent at Canterbury', '82 Rigney Parkway', 'E');
insert into INSTITUCIONES (CODIGO, NOMBRE, DIRECCION, TIPO) values (971704641786550, 'Business School Lausanne (BSL)', '76 Quincy Crossing', 'E');
insert into INSTITUCIONES (CODIGO, NOMBRE, DIRECCION, TIPO) values (310312924041270, 'London Business School', '7149 Bowman Circle', 'U');
insert into INSTITUCIONES (CODIGO, NOMBRE, DIRECCION, TIPO) values (592339421304951, 'Assam Agricultural University', '8 Lunder Center', 'E');
insert into INSTITUCIONES (CODIGO, NOMBRE, DIRECCION, TIPO) values (235575386500292, 'Kazan State University', '149 Park Meadow Drive', 'U');
insert into INSTITUCIONES (CODIGO, NOMBRE, DIRECCION, TIPO) values (72631776641081, 'University of Kurdistan', '7 Hollow Ridge Drive', 'U');
insert into INSTITUCIONES (CODIGO, NOMBRE, DIRECCION, TIPO) values (525840651564828, 'Hiroshima Bunkyo Women''s University', '637 Sommers Alley', 'U');
insert into INSTITUCIONES (CODIGO, NOMBRE, DIRECCION, TIPO) values (670064193743771, 'University of Eastern Africa, Baraton', '2 Ohio Drive', 'E');
insert into INSTITUCIONES (CODIGO, NOMBRE, DIRECCION, TIPO) values (411210764319191, 'Instituto Tecnológico de Celaya', '26434 Dwight Alley', 'E');
insert into INSTITUCIONES (CODIGO, NOMBRE, DIRECCION, TIPO) values (368181590787627, 'Mount Saint Vincent University', '1599 Dexter Crossing', 'E');
insert into INSTITUCIONES (CODIGO, NOMBRE, DIRECCION, TIPO) values (379702149063441, 'Technical University of Kielce', '50221 Memorial Alley', 'E');
insert into INSTITUCIONES (CODIGO, NOMBRE, DIRECCION, TIPO) values (796881149983511, 'Ferrum College', '9 Lakeland Court', 'U');
insert into INSTITUCIONES (CODIGO, NOMBRE, DIRECCION, TIPO) values (156071682684265, 'Rheinische Friedrich-Wilhelms Universität Bonn', '410 Pepper Wood Place', 'E');
insert into INSTITUCIONES (CODIGO, NOMBRE, DIRECCION, TIPO) values (904331557752682, 'Seian University of Art & Design', '0 Vidon Crossing', 'U');
insert into INSTITUCIONES (CODIGO, NOMBRE, DIRECCION, TIPO) values (190766006662226, 'Finnmark University College', '2 Eagle Crest Pass', 'E');
insert into INSTITUCIONES (CODIGO, NOMBRE, DIRECCION, TIPO) values (462151497856485, 'Universidade Federal de Ouro Preto', '43650 Coleman Park', 'U');
insert into INSTITUCIONES (CODIGO, NOMBRE, DIRECCION, TIPO) values (59484089362991, 'Al Rasheed University College', '72 Kenwood Circle', 'U');
insert into INSTITUCIONES (CODIGO, NOMBRE, DIRECCION, TIPO) values (736182097741424, 'Central Radio and TV University', '49374 Stuart Plaza', 'U');
insert into INSTITUCIONES (CODIGO, NOMBRE, DIRECCION, TIPO) values (483639364174661, 'University of Dongola', '61790 Bobwhite Pass', 'U');
insert into INSTITUCIONES (CODIGO, NOMBRE, DIRECCION, TIPO) values (853350343214599, 'Ecole Nationale d''Ingénieurs de Saint-Etienne', '74807 Cordelia Trail', 'E');
insert into INSTITUCIONES (CODIGO, NOMBRE, DIRECCION, TIPO) values (939616530660625, 'University of Bedfordshire', '44580 Mcguire Drive', 'U');
insert into INSTITUCIONES (CODIGO, NOMBRE, DIRECCION, TIPO) values (515294317620290, 'Zanjan University of Medical Sciences', '65 Loeprich Alley', 'U');
insert into INSTITUCIONES (CODIGO, NOMBRE, DIRECCION, TIPO) values (74334669654689, 'Universidade Federal do Piauí', '63389 Monica Center', 'E');
insert into INSTITUCIONES (CODIGO, NOMBRE, DIRECCION, TIPO) values (456973740672121, 'Capitol College', '1 Bluestem Point', 'E');
insert into INSTITUCIONES (CODIGO, NOMBRE, DIRECCION, TIPO) values (312713130539091, 'Portland Community College', '14156 Surrey Place', 'E');
insert into INSTITUCIONES (CODIGO, NOMBRE, DIRECCION, TIPO) values (204106015360328, 'Tokai Women''s College', '963 International Trail', 'U');
insert into INSTITUCIONES (CODIGO, NOMBRE, DIRECCION, TIPO) values (493963142500667, 'Universidad Catolica de Valparaiso', '846 Hooker Circle', 'U');
insert into INSTITUCIONES (CODIGO, NOMBRE, DIRECCION, TIPO) values (786464674232857, 'Nepal Sanskrit University', '4 4th Road', 'U');
insert into INSTITUCIONES (CODIGO, NOMBRE, DIRECCION, TIPO) values (310864043690594, 'Lead City University of Ibadan', '0 Veith Hill', 'E');
insert into INSTITUCIONES (CODIGO, NOMBRE, DIRECCION, TIPO) values (14913884780213, 'United States Air Force Academy', '5421 Commercial Junction', 'E');
insert into INSTITUCIONES (CODIGO, NOMBRE, DIRECCION, TIPO) values (797950196261869, 'Ecole Nationale Supérieure de Physique de Strasbourg', '02 Sundown Way', 'E');
insert into INSTITUCIONES (CODIGO, NOMBRE, DIRECCION, TIPO) values (913024330825765, 'Purdue University', '081 Grasskamp Place', 'E');
insert into INSTITUCIONES (CODIGO, NOMBRE, DIRECCION, TIPO) values (45460973127916, 'ITT Technical Institute Maitland', '6003 Melvin Center', 'U');
insert into INSTITUCIONES (CODIGO, NOMBRE, DIRECCION, TIPO) values (89473775463885, 'Polytechnic University of Tirane', '16 Melby Park', 'U');
insert into INSTITUCIONES (CODIGO, NOMBRE, DIRECCION, TIPO) values (839773008162861, 'Kean University of New Jersey', '7592 Park Meadow Court', 'E');
insert into INSTITUCIONES (CODIGO, NOMBRE, DIRECCION, TIPO) values (55715252612921, 'Nanjing University', '7789 Elgar Crossing', 'E');
insert into INSTITUCIONES (CODIGO, NOMBRE, DIRECCION, TIPO) values (140651560879676, 'Université d''Avignon', '0 Haas Road', 'E');
insert into INSTITUCIONES (CODIGO, NOMBRE, DIRECCION, TIPO) values (769186707360637, 'Ivanovo State Power University', '58 Trailsway Way', 'E');
insert into INSTITUCIONES (CODIGO, NOMBRE, DIRECCION, TIPO) values (104214925943804, 'Imperial College London', '445 Upham Circle', 'E');
insert into INSTITUCIONES (CODIGO, NOMBRE, DIRECCION, TIPO) values (199001381223374, 'Lakeland College', '14 Laurel Place', 'U');
insert into INSTITUCIONES (CODIGO, NOMBRE, DIRECCION, TIPO) values (923374115147473, 'Shenyang Jianzhu University', '83 6th Junction', 'E');
insert into INSTITUCIONES (CODIGO, NOMBRE, DIRECCION, TIPO) values (290370938141040, 'Silliman University', '86986 Amoth Crossing', 'E');
insert into INSTITUCIONES (CODIGO, NOMBRE, DIRECCION, TIPO) values (619269893350303, 'Okayama University', '5 Kim Center', 'E');
insert into INSTITUCIONES (CODIGO, NOMBRE, DIRECCION, TIPO) values (176428383536951, 'Tianjin University of Commerce', '7597 Dottie Place', 'E');
insert into INSTITUCIONES (CODIGO, NOMBRE, DIRECCION, TIPO) values (613684885431754, 'Université Claude Bernard (Lyon I)', '299 Graedel Hill', 'U');
insert into INSTITUCIONES (CODIGO, NOMBRE, DIRECCION, TIPO) values (810399149937830, 'Universidad Autonoma España de Durango', '772 Kropf Road', 'U');
insert into INSTITUCIONES (CODIGO, NOMBRE, DIRECCION, TIPO) values (943172669218859, 'COMSATS Institute of Information Technology, Wah', '75531 Crescent Oaks Crossing', 'E');
insert into INSTITUCIONES (CODIGO, NOMBRE, DIRECCION, TIPO) values (566649348380153, 'Oakton Community College', '88 7th Alley', 'U');
insert into INSTITUCIONES (CODIGO, NOMBRE, DIRECCION, TIPO) values (910841844082338, 'University of Suceava', '1 Warrior Center', 'E');
insert into INSTITUCIONES (CODIGO, NOMBRE, DIRECCION, TIPO) values (216036810378782, 'Universite des Sciences Islamiques de Constantine', '4 Hallows Street', 'U');
insert into INSTITUCIONES (CODIGO, NOMBRE, DIRECCION, TIPO) values (620918764466221, 'University of Akron', '5879 Jay Terrace', 'U');
insert into INSTITUCIONES (CODIGO, NOMBRE, DIRECCION, TIPO) values (717515386267422, 'University of Fine Arts Belgrade', '8153 Eliot Avenue', 'U');
insert into INSTITUCIONES (CODIGO, NOMBRE, DIRECCION, TIPO) values (116276827740067, 'Ecole Nationale Supérieure de l''Aéronautique et de l''Espace', '7979 Nova Junction', 'E');
insert into INSTITUCIONES (CODIGO, NOMBRE, DIRECCION, TIPO) values (418736816089217, 'Carleton College', '67082 Valley Edge Road', 'E');
insert into INSTITUCIONES (CODIGO, NOMBRE, DIRECCION, TIPO) values (329092526894685, 'Astrakhan State University', '78243 7th Avenue', 'U');
insert into INSTITUCIONES (CODIGO, NOMBRE, DIRECCION, TIPO) values (490522767928081, 'Andong National University', '9721 Buena Vista Way', 'E');
insert into INSTITUCIONES (CODIGO, NOMBRE, DIRECCION, TIPO) values (927808298024846, 'FON University', '3 Hanover Street', 'U');
insert into INSTITUCIONES (CODIGO, NOMBRE, DIRECCION, TIPO) values (407432131304877, 'Ho Chi Minh City University of Economics', '18622 Clyde Gallagher Point', 'U');
insert into INSTITUCIONES (CODIGO, NOMBRE, DIRECCION, TIPO) values (603299599607496, 'The Tulane University of New Orleans', '731 Coolidge Hill', 'E');
insert into INSTITUCIONES (CODIGO, NOMBRE, DIRECCION, TIPO) values (7682848660321, 'Hogeschool Rotterdam', '86 Rockefeller Lane', 'E');
insert into INSTITUCIONES (CODIGO, NOMBRE, DIRECCION, TIPO) values (886052784039958, 'University of Calabria', '748 Springview Pass', 'E');
insert into INSTITUCIONES (CODIGO, NOMBRE, DIRECCION, TIPO) values (364208012287305, 'Douglas College', '91269 Beilfuss Trail', 'E');
insert into INSTITUCIONES (CODIGO, NOMBRE, DIRECCION, TIPO) values (396182202026315, 'Macalester College', '34899 Buhler Drive', 'U');
insert into INSTITUCIONES (CODIGO, NOMBRE, DIRECCION, TIPO) values (852446133159882, 'Kitakyushu University', '688 Gulseth Crossing', 'E');
insert into INSTITUCIONES (CODIGO, NOMBRE, DIRECCION, TIPO) values (265064578555648, 'University of LaVerne in Athens', '4 Mendota Place', 'E');
insert into INSTITUCIONES (CODIGO, NOMBRE, DIRECCION, TIPO) values (491002943205092, 'Canisius College', '1819 High Crossing Terrace', 'U');
insert into INSTITUCIONES (CODIGO, NOMBRE, DIRECCION, TIPO) values (832007493173928, 'Danang College Of Technology', '59 Dennis Parkway', 'U');
insert into INSTITUCIONES (CODIGO, NOMBRE, DIRECCION, TIPO) values (65504049169733, 'Private College of Dentistry and Pharmacy', '66386 Dottie Pass', 'E');
insert into INSTITUCIONES (CODIGO, NOMBRE, DIRECCION, TIPO) values (948763876925880, 'Jordan Academy of Music / Higher Institute of Music', '295 Ruskin Street', 'U');
insert into INSTITUCIONES (CODIGO, NOMBRE, DIRECCION, TIPO) values (251983672448336, 'Saratov State Academy of Law', '63092 Eagan Road', 'U');
insert into INSTITUCIONES (CODIGO, NOMBRE, DIRECCION, TIPO) values (746582209972896, 'Nicolaus Copernicus University of Torun', '1 Ronald Regan Hill', 'E');
insert into INSTITUCIONES (CODIGO, NOMBRE, DIRECCION, TIPO) values (613819907341430, 'Karatina University', '96 Talmadge Pass', 'U');
insert into INSTITUCIONES (CODIGO, NOMBRE, DIRECCION, TIPO) values (126329265111012, 'Avondale College', '392 Scoville Junction', 'E');
insert into INSTITUCIONES (CODIGO, NOMBRE, DIRECCION, TIPO) values (24638737135454, 'Universidad de Atacama', '0715 Westend Point', 'E');
insert into INSTITUCIONES (CODIGO, NOMBRE, DIRECCION, TIPO) values (794255008517765, 'Wheaton College Massachusetts', '89 Welch Pass', 'E');
insert into INSTITUCIONES (CODIGO, NOMBRE, DIRECCION, TIPO) values (593551701623237, 'Kwara State University ', '8465 Westend Road', 'U');
insert into INSTITUCIONES (CODIGO, NOMBRE, DIRECCION, TIPO) values (735266888175903, 'New World University', '8 Becker Trail', 'E');
insert into INSTITUCIONES (CODIGO, NOMBRE, DIRECCION, TIPO) values (656444365258216, 'National American University', '611 Clarendon Junction', 'E');
insert into INSTITUCIONES (CODIGO, NOMBRE, DIRECCION, TIPO) values (338697826062393, 'University of Mississippi', '53778 Texas Junction', 'U');
insert into INSTITUCIONES (CODIGO, NOMBRE, DIRECCION, TIPO) values (24559584851501, 'University of Health Sciences Andhra Pradesh', '8285 Vermont Terrace', 'E');
insert into INSTITUCIONES (CODIGO, NOMBRE, DIRECCION, TIPO) values (89578388331145, 'Universidad Autónoma de Las Américas', '65770 Dwight Plaza', 'E');
insert into INSTITUCIONES (CODIGO, NOMBRE, DIRECCION, TIPO) values (377989047487783, 'Azerbaijan Diplomatic Academy', '9 Saint Paul Hill', 'E');
insert into INSTITUCIONES (CODIGO, NOMBRE, DIRECCION, TIPO) values (596979634569937, 'Université Senghor d''Alexandrie', '17 Claremont Parkway', 'U');
insert into INSTITUCIONES (CODIGO, NOMBRE, DIRECCION, TIPO) values (428933531156982, 'Kursk State Technical University', '57 Claremont Alley', 'U');
insert into INSTITUCIONES (CODIGO, NOMBRE, DIRECCION, TIPO) values (79656573518509, 'Universidad de Aconcagua', '7 Bay Hill', 'E');
insert into INSTITUCIONES (CODIGO, NOMBRE, DIRECCION, TIPO) values (620846641544279, 'Institut National Polytechnique de Toulouse', '09 Portage Place', 'E');
insert into INSTITUCIONES (CODIGO, NOMBRE, DIRECCION, TIPO) values (402596519348186, 'Universidad de las Américas (ULAM)', '11820 Fieldstone Court', 'E');
insert into INSTITUCIONES (CODIGO, NOMBRE, DIRECCION, TIPO) values (683572442151859, 'Universidad Tecnológica del Peru', '46 Ramsey Center', 'U');
insert into INSTITUCIONES (CODIGO, NOMBRE, DIRECCION, TIPO) values (793010621361090, 'University of Sadat City', '09661 Holy Cross Junction', 'U');
insert into INSTITUCIONES (CODIGO, NOMBRE, DIRECCION, TIPO) values (855481360463079, 'Kurukshetra University', '50073 Springs Pass', 'U');
insert into INSTITUCIONES (CODIGO, NOMBRE, DIRECCION, TIPO) values (278220368970855, 'Seigakuin University', '5459 Oak Park', 'E');
insert into INSTITUCIONES (CODIGO, NOMBRE, DIRECCION, TIPO) values (216555213492136, 'Université d''Evry Val d''Essonne', '7 Clarendon Crossing', 'U');
insert into INSTITUCIONES (CODIGO, NOMBRE, DIRECCION, TIPO) values (627646813724979, 'University of Banja Luka', '94 Menomonie Road', 'E');
insert into INSTITUCIONES (CODIGO, NOMBRE, DIRECCION, TIPO) values (235174566239667, 'Tohoku University', '51 Jenifer Point', 'U');
insert into INSTITUCIONES (CODIGO, NOMBRE, DIRECCION, TIPO) values (754026589951915, 'Open University of Sri Lanka', '72 Kim Drive', 'U');
insert into INSTITUCIONES (CODIGO, NOMBRE, DIRECCION, TIPO) values (326859725311631, 'Claremont McKenna College', '3 Hanson Park', 'E');
insert into INSTITUCIONES (CODIGO, NOMBRE, DIRECCION, TIPO) values (866476615727072, 'Pontificia Universidad Catolica de Puerto Rico', '7261 Bartelt Court', 'U');
insert into INSTITUCIONES (CODIGO, NOMBRE, DIRECCION, TIPO) values (265967840107446, 'Sambalpur University', '018 Randy Place', 'E');
insert into INSTITUCIONES (CODIGO, NOMBRE, DIRECCION, TIPO) values (791712518034846, 'Institut National Polytechnique de Grenoble', '3 Corry Pass', 'U');
insert into INSTITUCIONES (CODIGO, NOMBRE, DIRECCION, TIPO) values (905859009231187, 'West Visayas State University', '95 Southridge Point', 'E');
insert into INSTITUCIONES (CODIGO, NOMBRE, DIRECCION, TIPO) values (443396613436007, 'Tibet University of Nationalities', '483 Morningstar Lane', 'E');
insert into INSTITUCIONES (CODIGO, NOMBRE, DIRECCION, TIPO) values (446340369202962, 'University of Targu Jiu', '8 Elka Junction', 'E');
insert into INSTITUCIONES (CODIGO, NOMBRE, DIRECCION, TIPO) values (8137925129438, 'Mie University', '5 Granby Street', 'U');
insert into INSTITUCIONES (CODIGO, NOMBRE, DIRECCION, TIPO) values (742577751942334, 'State University of New York College of Technology at Alfred', '74985 Stephen Plaza', 'E');
insert into INSTITUCIONES (CODIGO, NOMBRE, DIRECCION, TIPO) values (453503463558691, 'Universidad del Caribe', '6611 Superior Park', 'U');
insert into INSTITUCIONES (CODIGO, NOMBRE, DIRECCION, TIPO) values (946734480466364, 'University of World Economy and Diplomacy', '56 Hansons Place', 'U');
insert into INSTITUCIONES (CODIGO, NOMBRE, DIRECCION, TIPO) values (210147918527464, 'Université Thierno Amadou Diallo', '84164 Aberg Center', 'U');
insert into INSTITUCIONES (CODIGO, NOMBRE, DIRECCION, TIPO) values (908310991648405, 'Universidade de Pernambuco', '7447 Sachtjen Point', 'U');
insert into INSTITUCIONES (CODIGO, NOMBRE, DIRECCION, TIPO) values (878119056897131, 'Institut des Sciences de la Matière et du Rayonnement', '977 Scoville Alley', 'E');
insert into INSTITUCIONES (CODIGO, NOMBRE, DIRECCION, TIPO) values (564485478905651, 'Universidad Autónoma de Tlaxcala', '3 Oxford Lane', 'U');
insert into INSTITUCIONES (CODIGO, NOMBRE, DIRECCION, TIPO) values (788968702911283, 'FAST - National University of Computer and Emerging Sciences (NUCES)', '14326 Menomonie Trail', 'E');
insert into INSTITUCIONES (CODIGO, NOMBRE, DIRECCION, TIPO) values (130292669790373, 'University of Southern Maine', '36 Atwood Road', 'E');
insert into INSTITUCIONES (CODIGO, NOMBRE, DIRECCION, TIPO) values (449152127576178, 'Sri Venkateswara Institute of Medical Sciences', '45 Westport Court', 'U');
insert into INSTITUCIONES (CODIGO, NOMBRE, DIRECCION, TIPO) values (63764803848965, 'Independent University, Bangladesh', '64 Fisk Crossing', 'E');
insert into INSTITUCIONES (CODIGO, NOMBRE, DIRECCION, TIPO) values (326139972190177, 'Oita University of Nursing and Health Sciences', '0 Surrey Court', 'E');
insert into INSTITUCIONES (CODIGO, NOMBRE, DIRECCION, TIPO) values (409428034987449, 'Denison University', '3248 Sunnyside Court', 'E');
insert into INSTITUCIONES (CODIGO, NOMBRE, DIRECCION, TIPO) values (433812158157169, 'Jones College', '917 Hazelcrest Crossing', 'U');
insert into INSTITUCIONES (CODIGO, NOMBRE, DIRECCION, TIPO) values (501595218801518, 'Universidad de Antioquia', '581 Hansons Road', 'E');
insert into INSTITUCIONES (CODIGO, NOMBRE, DIRECCION, TIPO) values (207362534851769, 'University of Ferrara', '4510 Thompson Point', 'E');
insert into INSTITUCIONES (CODIGO, NOMBRE, DIRECCION, TIPO) values (520601298068461, 'Western States Chiropractic College', '61728 Tony Pass', 'U');
insert into INSTITUCIONES (CODIGO, NOMBRE, DIRECCION, TIPO) values (574672613762024, 'Ho Chi Minh City University of Natural Sciences', '39310 Cambridge Parkway', 'U');
insert into INSTITUCIONES (CODIGO, NOMBRE, DIRECCION, TIPO) values (254880359135703, 'College of Technology at Kharj', '98193 Gerald Point', 'U');
insert into INSTITUCIONES (CODIGO, NOMBRE, DIRECCION, TIPO) values (210280488871060, 'Royal College of Music, University of London', '9 Bay Trail', 'E');
insert into INSTITUCIONES (CODIGO, NOMBRE, DIRECCION, TIPO) values (159117096554901, 'Fachhochschule für Verwaltung und Rechtspflege Berlin', '7382 Sachs Avenue', 'U');
insert into INSTITUCIONES (CODIGO, NOMBRE, DIRECCION, TIPO) values (141930873337081, 'Universidad Salvadorena "Alberto Masferrer"', '7 Orin Junction', 'E');
insert into INSTITUCIONES (CODIGO, NOMBRE, DIRECCION, TIPO) values (456997117330426, 'Ecole Supérieure de Commerce de Nantes-Atlantique', '340 Buhler Center', 'E');
insert into INSTITUCIONES (CODIGO, NOMBRE, DIRECCION, TIPO) values (491854430929174, 'National University of Samoa', '10 Brentwood Hill', 'U');
insert into INSTITUCIONES (CODIGO, NOMBRE, DIRECCION, TIPO) values (464897496725185, 'Universitas Surabaya', '1 Eliot Park', 'E');
insert into INSTITUCIONES (CODIGO, NOMBRE, DIRECCION, TIPO) values (345071645282594, 'Katholieke Hogeschool Limburg', '21541 Schmedeman Junction', 'E');
insert into INSTITUCIONES (CODIGO, NOMBRE, DIRECCION, TIPO) values (852705998091673, 'Instituto Universitario Nacional del Arte', '280 Coleman Road', 'U');
insert into INSTITUCIONES (CODIGO, NOMBRE, DIRECCION, TIPO) values (835541879844265, 'Gulf Medical University', '679 Bunker Hill Hill', 'U');
insert into INSTITUCIONES (CODIGO, NOMBRE, DIRECCION, TIPO) values (645830824028936, 'Universitas Darma Persada', '7983 Claremont Plaza', 'E');
insert into INSTITUCIONES (CODIGO, NOMBRE, DIRECCION, TIPO) values (153985714454070, 'College of the Rockies', '5 Scott Parkway', 'E');
insert into INSTITUCIONES (CODIGO, NOMBRE, DIRECCION, TIPO) values (277132012538998, 'Canakkale (18th March) University', '98 5th Trail', 'E');
insert into INSTITUCIONES (CODIGO, NOMBRE, DIRECCION, TIPO) values (47490061621750, 'Universidade Metodista de Angola', '9 Hollow Ridge Point', 'U');
insert into INSTITUCIONES (CODIGO, NOMBRE, DIRECCION, TIPO) values (869127737025075, 'Smolny University', '1 Center Hill', 'E');
insert into INSTITUCIONES (CODIGO, NOMBRE, DIRECCION, TIPO) values (829913985632957, 'Zimbabwe Open University', '133 Eagan Avenue', 'U');
insert into INSTITUCIONES (CODIGO, NOMBRE, DIRECCION, TIPO) values (492565735408489, 'Otani University', '69996 Portage Terrace', 'E');
insert into INSTITUCIONES (CODIGO, NOMBRE, DIRECCION, TIPO) values (714883702030657, 'Chuo University', '0696 Shopko Crossing', 'U');
insert into INSTITUCIONES (CODIGO, NOMBRE, DIRECCION, TIPO) values (146770905211973, 'Daido Institute of Technology', '369 Anthes Parkway', 'E');
insert into INSTITUCIONES (CODIGO, NOMBRE, DIRECCION, TIPO) values (401178238701327, 'Sabaragamuwa University of Sri Lanka', '50962 Stoughton Circle', 'E');
insert into INSTITUCIONES (CODIGO, NOMBRE, DIRECCION, TIPO) values (805449259533317, 'New Mexico Highlands University', '7653 West Pass', 'E');
insert into INSTITUCIONES (CODIGO, NOMBRE, DIRECCION, TIPO) values (704987928265039, 'University of Hormozgan', '9 Elka Avenue', 'E');
insert into INSTITUCIONES (CODIGO, NOMBRE, DIRECCION, TIPO) values (894988616778629, 'University of Miskolc', '2707 Oak Drive', 'U');
insert into INSTITUCIONES (CODIGO, NOMBRE, DIRECCION, TIPO) values (357458121358544, 'Greenheart Medical School', '9158 Havey Drive', 'U');
insert into INSTITUCIONES (CODIGO, NOMBRE, DIRECCION, TIPO) values (224609591299402, 'Manhattanville College', '6925 Barby Alley', 'E');
insert into INSTITUCIONES (CODIGO, NOMBRE, DIRECCION, TIPO) values (709128884480683, 'Kigali Institute of Science & Technology', '815 Paget Hill', 'E');
insert into INSTITUCIONES (CODIGO, NOMBRE, DIRECCION, TIPO) values (642839645043084, 'Universidad Albert Einstein', '69 Nelson Park', 'E');
insert into INSTITUCIONES (CODIGO, NOMBRE, DIRECCION, TIPO) values (284503942673608, 'Universidad Abierta Interamericana', '531 Vernon Lane', 'E');
insert into INSTITUCIONES (CODIGO, NOMBRE, DIRECCION, TIPO) values (304669710766776, 'Hainan University', '857 Shelley Terrace', 'E');
insert into INSTITUCIONES (CODIGO, NOMBRE, DIRECCION, TIPO) values (267149543639518, 'Universidad del País Vasco', '41 Toban Plaza', 'E');
insert into INSTITUCIONES (CODIGO, NOMBRE, DIRECCION, TIPO) values (991458486494985, 'Halmstad University College', '33539 Mendota Hill', 'E');
insert into INSTITUCIONES (CODIGO, NOMBRE, DIRECCION, TIPO) values (887008608187076, 'Seiwa College', '4 Hazelcrest Crossing', 'U');
insert into INSTITUCIONES (CODIGO, NOMBRE, DIRECCION, TIPO) values (314117290077647, 'Technological University (Maubin)', '697 Dawn Parkway', 'E');
insert into INSTITUCIONES (CODIGO, NOMBRE, DIRECCION, TIPO) values (851281331734699, 'National University', '906 Warrior Trail', 'E');
insert into INSTITUCIONES (CODIGO, NOMBRE, DIRECCION, TIPO) values (65318590003366, 'Hogeschool Inholland', '460 Grasskamp Circle', 'U');
insert into INSTITUCIONES (CODIGO, NOMBRE, DIRECCION, TIPO) values (798351818864893, 'Urmia University of Medical Sciences', '8020 Delladonna Parkway', 'E');
insert into INSTITUCIONES (CODIGO, NOMBRE, DIRECCION, TIPO) values (588357630128994, 'Lawrence University', '5 Mayfield Parkway', 'E');
insert into INSTITUCIONES (CODIGO, NOMBRE, DIRECCION, TIPO) values (793650928776926, 'ABTI American University of Nigeria', '8079 Old Shore Pass', 'U');
insert into INSTITUCIONES (CODIGO, NOMBRE, DIRECCION, TIPO) values (81564092401671, 'Universidad Metropolitana de Monterrey', '5284 Corscot Point', 'E');
insert into INSTITUCIONES (CODIGO, NOMBRE, DIRECCION, TIPO) values (778382366768920, 'Universitas Katolik Indonesia Atma Jaya', '80944 Reinke Park', 'U');
insert into INSTITUCIONES (CODIGO, NOMBRE, DIRECCION, TIPO) values (981365360039672, 'Université Joseph Fourier (Grenoble I)', '1 Clyde Gallagher Place', 'U');
insert into INSTITUCIONES (CODIGO, NOMBRE, DIRECCION, TIPO) values (521346826808088, 'Novosibirsk State Medical Academy', '377 Messerschmidt Plaza', 'U');
insert into INSTITUCIONES (CODIGO, NOMBRE, DIRECCION, TIPO) values (605619078038577, 'School of Pharmacy, University of London', '355 Lakewood Gardens Street', 'E');
insert into INSTITUCIONES (CODIGO, NOMBRE, DIRECCION, TIPO) values (537394327837048, 'Al-Manar University', '57316 Scoville Lane', 'U');
insert into INSTITUCIONES (CODIGO, NOMBRE, DIRECCION, TIPO) values (77488331344800, 'Busitema University', '8 Jenna Drive', 'U');
insert into INSTITUCIONES (CODIGO, NOMBRE, DIRECCION, TIPO) values (571796437864224, 'Clarke College', '8468 Merchant Lane', 'E');
insert into INSTITUCIONES (CODIGO, NOMBRE, DIRECCION, TIPO) values (950926315128338, 'Zhongnan University of Finance and Economics', '7 Spenser Place', 'U');
insert into INSTITUCIONES (CODIGO, NOMBRE, DIRECCION, TIPO) values (346904272380688, 'Université Mohammed V - Souissi', '2 Forest Run Court', 'U');

-- Población de datos para la tabla Estudiantes
INSERT INTO Estudiantes (usuario, nombre, correo, contrasena, programa, registro,codigoInstitucion) VALUES (1002546, 'Laura Linares', 'laulinares@hotmal.com', 20918754, 'Medicina', TO_DATE('2022-07-24', 'YYYY-MM-DD'), '212550');
INSERT INTO Estudiantes (usuario, nombre, correo, contrasena, programa, registro ,codigoInstitucion) VALUES (1005896, 'Richard Arevalo', 'RichAvalo@gmail.com', 79845618, 'Administracion', TO_DATE('2023-02-16', 'YYYY-MM-DD'), '5479950');
INSERT INTO Estudiantes (usuario, nombre, correo, contrasena, programa, registro, codigoInstitucion) VALUES (1077083, 'Emily Munar', 'EmiMunar@gmail.com', 15648975, 'Septimo', TO_DATE('2020-02-15', 'YYYY-MM-DD'), '040935');
INSERT INTO Estudiantes (usuario, nombre, correo, contrasena, programa, registro, codigoInstitucion) VALUES (1046895, 'Sofia Roa', 'roaFIA@hotmail.com', 489516321, 'Psicologia', TO_DATE('2023-08-11', 'YYYY-MM-DD'), '493950');
INSERT INTO Estudiantes (usuario, nombre, correo, contrasena, programa, registro, codigoInstitucion) VALUES (1009321, 'Michael Hernandez', 'Michanandez@gmail.com', 658492116, 'Decimo', TO_DATE('2024-02-05', 'YYYY-MM-DD'), '5479950');
insert into Estudiantes (USUARIO, NOMBRE, CORREO, CONTRASENA, PROGRAMA, REGISTRO, CODIGOINSTITUCION) values (1920526324, 'Laney', 'ltracy1e@over-blog.com', 8939266089, 'Medicina', TO_DATE('2023-06-20', 'YYYY-MM-DD'), '5479950');
insert into Estudiantes (USUARIO, NOMBRE, CORREO, CONTRASENA, PROGRAMA, REGISTRO, CODIGOINSTITUCION) values (6851721393, 'Alick', 'aandreone1f@answers.com', 3045090616, 'Contabilidad', TO_DATE('2024-04-25', 'YYYY-MM-DD'), '212550');
insert into Estudiantes (USUARIO, NOMBRE, CORREO, CONTRASENA, PROGRAMA, REGISTRO, CODIGOINSTITUCION) values (3173526287, 'Marleah', 'munitt1g@toplist.cz', 7022175532, 'Contabilidad', TO_DATE('2024-04-26', 'YYYY-MM-DD'), '5479950');
insert into Estudiantes (USUARIO, NOMBRE, CORREO, CONTRASENA, PROGRAMA, REGISTRO, CODIGOINSTITUCION) values (5993453355, 'Susi', 'saime1h@ustream.tv', 5268670851, 'Contabilidad', TO_DATE('2023-06-02', 'YYYY-MM-DD'), '5479950');
insert into Estudiantes (USUARIO, NOMBRE, CORREO, CONTRASENA, PROGRAMA, REGISTRO, CODIGOINSTITUCION) values (2506191087, 'Bunny', 'bnoore1i@cloudflare.com', 6821155070, 'Septimo', TO_DATE('2023-11-23', 'YYYY-MM-DD'), '040935');
insert into Estudiantes (USUARIO, NOMBRE, CORREO, CONTRASENA, PROGRAMA, REGISTRO, CODIGOINSTITUCION) values (8031715479, 'Sheelah', 'smapes1j@webeden.co.uk', 8700323509, 'Administracion', TO_DATE('2024-05-05', 'YYYY-MM-DD'), '212550');
insert into Estudiantes (USUARIO, NOMBRE, CORREO, CONTRASENA, PROGRAMA, REGISTRO, CODIGOINSTITUCION) values (8085182602, 'Benny', 'bsimla1k@purevolume.com', 7012545589, 'Medicina', TO_DATE('2023-07-28', 'YYYY-MM-DD'), '493950');
insert into Estudiantes (USUARIO, NOMBRE, CORREO, CONTRASENA, PROGRAMA, REGISTRO, CODIGOINSTITUCION) values (8093172812, 'Leeland', 'lmcadam1l@hexun.com', 9423384951, 'Administracion', TO_DATE('2024-01-06', 'YYYY-MM-DD'), '040935');
insert into Estudiantes (USUARIO, NOMBRE, CORREO, CONTRASENA, PROGRAMA, REGISTRO, CODIGOINSTITUCION) values (2588052618, 'Siouxie', 'sratnege1m@gmpg.org', 5834190564, 'Ingenieria', TO_DATE('2023-11-17', 'YYYY-MM-DD'), '212550');
insert into Estudiantes (USUARIO, NOMBRE, CORREO, CONTRASENA, PROGRAMA, REGISTRO, CODIGOINSTITUCION) values (7997396578, 'Desmund', 'dlaingmaid1n@archive.org', 1896475511, 'Decimo', TO_DATE('2024-03-10', 'YYYY-MM-DD'), '6808435');
insert into Estudiantes (USUARIO, NOMBRE, CORREO, CONTRASENA, PROGRAMA, REGISTRO, CODIGOINSTITUCION) values (9834789284, 'Hastie', 'hsainteau1o@addtoany.com', 1605915571, 'Ingenieria', TO_DATE('2023-07-28', 'YYYY-MM-DD'), '5479950');
insert into Estudiantes (USUARIO, NOMBRE, CORREO, CONTRASENA, PROGRAMA, REGISTRO, CODIGOINSTITUCION) values (2550631101, 'Kim', 'kkusick1p@gov.uk', 4005143459, 'Medicina', TO_DATE('2023-10-12', 'YYYY-MM-DD'), '040935');
insert into Estudiantes (USUARIO, NOMBRE, CORREO, CONTRASENA, PROGRAMA, REGISTRO, CODIGOINSTITUCION) values (7210699087, 'Hanni', 'hcastellini1q@lulu.com', 1518682119, 'Contabilidad', TO_DATE('2023-09-23', 'YYYY-MM-DD'), '212550');
insert into Estudiantes (USUARIO, NOMBRE, CORREO, CONTRASENA, PROGRAMA, REGISTRO, CODIGOINSTITUCION) values (1395273143, 'Jane', 'jhothersall1r@youtu.be', 2496913572, 'Administracion', TO_DATE('2023-08-15', 'YYYY-MM-DD'), '040935');
insert into Estudiantes (USUARIO, NOMBRE, CORREO, CONTRASENA, PROGRAMA, REGISTRO, CODIGOINSTITUCION) values (1003606618, 'Adaline', 'aruddoch1t@adobe.com', 5579560627, 'Ingenieria', TO_DATE('2024-05-20', 'YYYY-MM-DD'), '6808435');

-- Población de datos para la tabla ClientesPremium
INSERT INTO ClientesPremium (usuarioE, membresia, fechaDeVencimiento, telefono, direccion) VALUES (1002546, 'P', TO_DATE('2024-12-31', 'YYYY-MM-DD'), 3115454646, 'Calle 100 # 11B-27 Bogotá');
INSERT INTO ClientesPremium (usuarioE, membresia, fechaDeVencimiento, telefono, direccion) VALUES (1005896, 'P', TO_DATE('2024-12-31', 'YYYY-MM-DD'), 3143725566, 'Calle 10 # 5-51');
INSERT INTO ClientesPremium (usuarioE, membresia, fechaDeVencimiento, telefono, direccion) VALUES (1077083, 'PE', TO_DATE('2024-12-31', 'YYYY-MM-DD'), 3043347025, 'Avenida 19 No. 98-03, sexto piso');
INSERT INTO ClientesPremium (usuarioE, membresia, fechaDeVencimiento, telefono, direccion) VALUES (1046895, 'P', TO_DATE('2024-12-31', 'YYYY-MM-DD'), 3124904152, 'Transvesal 7 15-51 Casa 101');
INSERT INTO ClientesPremium (usuarioE, membresia, fechaDeVencimiento, telefono, direccion) VALUES (1009321, 'PE', TO_DATE('2024-12-31', 'YYYY-MM-DD'), 3002553495, 'Avenida Calle 26 No 59-51 Edificio');

-- Población de datos para la tabla ClientesGratuitos
INSERT INTO ClientesGratuitos (correoTemporal, usuarioE) VALUES ('dcaspell1d@unc.edu', 1077083);
INSERT INTO ClientesGratuitos (correoTemporal, usuarioE) VALUES ('ospowart1q@upenn.edu', 1009321);
INSERT INTO ClientesGratuitos (correoTemporal, usuarioE) VALUES ('fsalzberger18@upenn.edu', 1046895);
INSERT INTO ClientesGratuitos (correoTemporal, usuarioE) VALUES ('lpigeone@amazon.edu', 1005896);
INSERT INTO ClientesGratuitos (correoTemporal, usuarioE) VALUES ('mlittley8@phpbb.edu', 1002546);

-- Población de datos para la tabla Profesores
INSERT INTO Profesores (nid, nombre, telefono, profesion) VALUES (24347523, 'Esteban Cortez', 321562213, 'Matematico');
INSERT INTO Profesores (nid, nombre, telefono, profesion) VALUES (1021395445, 'Martha Collazos', 300856815, 'Doctora');
INSERT INTO Profesores (nid, nombre, telefono, profesion) VALUES (4414169, 'Enrique Salazar', 320430072, 'Abogado');
INSERT INTO Profesores (nid, nombre, telefono, profesion) VALUES (79951872, 'Miguel Navarro', 316692352, 'Informaticas');
INSERT INTO Profesores (nid, nombre, telefono, profesion) VALUES (34001147, 'Nayda Garcia', 315265211, 'Pedagogia');

-- Población de datos para la tabla Cursos
INSERT INTO Cursos (codigo, nombre, listaDeMatriculados, duracion, supercursos, codigoInstitucion, nidProfesor ) VALUES (101, 'Bases de datos', 28, 2, NULL, 493950, 24347523);
INSERT INTO Cursos (codigo, nombre, listaDeMatriculados, duracion, supercursos, codigoInstitucion, nidProfesor ) VALUES (112, 'Economia y Finanzas', 36, 10, NULL, 040935, 34001147);
INSERT INTO Cursos (codigo, nombre, listaDeMatriculados, duracion, supercursos, codigoInstitucion, nidProfesor ) VALUES (103, 'Teoria de derecho', 25, 2, NULL, 212550, 4414169);
INSERT INTO Cursos (codigo, nombre, listaDeMatriculados, duracion, supercursos, codigoInstitucion, nidProfesor ) VALUES (124, 'Calculo II', 30, 2, NULL, 5479950, 24347523);
INSERT INTO Cursos (codigo, nombre, listaDeMatriculados, duracion, supercursos, codigoInstitucion, nidProfesor ) VALUES (114, 'Patologia', 22, 4, NULL, 493950, 1021395445);

-- Población de datos para la tabla EstudiantesCursos
INSERT INTO EstudiantesCursos (USUARIO, CODIGOCURSO) VALUES(1002546, 114);
INSERT INTO EstudiantesCursos (usuario,codigoCurso) VALUES(1005896, 124);
INSERT INTO EstudiantesCursos (usuario,codigoCurso) VALUES(1009321, 101);
INSERT INTO EstudiantesCursos (usuario,codigoCurso) VALUES(1077083, 124);
INSERT INTO EstudiantesCursos (usuario,codigoCurso) VALUES(1046895, 112);

-- Población de datos para la tabla RecursosAdicionales
INSERT INTO RecursosAdicionales (idRecursos, tipo, fechaPublicacion, tema, notasDeClase, codigoCurso) VALUES (2245, 'L', TO_DATE('2024-03-24', 'YYYY-MM-DD'), 'Regalamento penal', 'Notas de clase A',103);
INSERT INTO RecursosAdicionales (IDRECURSOS, tipo, fechaPublicacion, tema, notasDeClase, codigoCurso) VALUES (5531, 'V', TO_DATE('2024-03-24', 'YYYY-MM-DD'), 'Oferta y Demanda', 'Notas de clase B', 112);
INSERT INTO RecursosAdicionales (IDRECURSOS, tipo, fechaPublicacion, tema, notasDeClase, codigoCurso) VALUES (1116, 'A', TO_DATE('2024-03-24', 'YYYY-MM-DD'), 'ADN', 'Notas de clase A', 114);
INSERT INTO RecursosAdicionales (IDRECURSOS, tipo, fechaPublicacion, tema, notasDeClase, codigoCurso) VALUES (5533, 'V', TO_DATE('2024-03-24', 'YYYY-MM-DD'), 'Disparadores accion', 'Notas de clase B', 101);
INSERT INTO RecursosAdicionales (IDRECURSOS, tipo, fechaPublicacion, tema, notasDeClase, codigoCurso) VALUES (2258, 'L', TO_DATE('2024-03-24', 'YYYY-MM-DD'), 'Aritmetica', 'Notas de clase A', 124);

-- Población de datos para la tabla Tareas
INSERT INTO Tareas (idTarea, nombre, descripcion, fechaDeAsignacion, fechaDeVencimiento, estado, codigoCurso) VALUES (001, 'Calculo ', 'Evaluacion en linea', TO_DATE('2024-03-22', 'YYYY-MM-DD'), TO_DATE('2024-04-01', 'YYYY-MM-DD'), 'A', 124);
INSERT INTO Tareas (idTarea, nombre, descripcion, fechaDeAsignacion, fechaDeVencimiento, estado, codigoCurso) VALUES (002, 'Derecho Penal', 'Control de lectura leyes', TO_DATE('2024-04-10', 'YYYY-MM-DD'), TO_DATE('2024-04-24', 'YYYY-MM-DD'), 'P', 103);
INSERT INTO Tareas (idTarea, nombre, descripcion, fechaDeAsignacion, fechaDeVencimiento, estado, codigoCurso) VALUES (003, 'Alfabetizacion', 'Investigar ', TO_DATE('2024-03-17', 'YYYY-MM-DD'), TO_DATE('2024-04-01', 'YYYY-MM-DD'), 'E', 112);
INSERT INTO Tareas (idTarea, nombre, descripcion, fechaDeAsignacion, fechaDeVencimiento, estado, codigoCurso) VALUES (004, 'Diagnostico', 'Realizar un informe de un paciente', TO_DATE('2024-02-28', 'YYYY-MM-DD'), TO_DATE('2024-03-11', 'YYYY-MM-DD'), 'E', 114);
INSERT INTO Tareas (idTarea, nombre, descripcion, fechaDeAsignacion, fechaDeVencimiento, estado, codigoCurso) VALUES (005, 'Laboratorio', 'Crear la integridad procedimental', TO_DATE('2024-03-24', 'YYYY-MM-DD'), TO_DATE('2024-04-24', 'YYYY-MM-DD'), 'A', 101);

-- Población de datos para la tabla calificaciones
INSERT INTO calificaciones (idTarea, puntaje, fecha, comentario, estudiante)
VALUES (001, 90, TO_DATE('2024-03-24', 'YYYY-MM-DD'), 'Buen trabajo en la tarea', 1002546);
INSERT INTO calificaciones (idTarea, puntaje, fecha, comentario, estudiante)
VALUES (002, 90, TO_DATE('2024-03-24', 'YYYY-MM-DD'), 'Buen trabajo en la tarea', 1002546);
INSERT INTO calificaciones (idTarea, puntaje, fecha, comentario, estudiante)
VALUES (003, 90, TO_DATE('2024-03-24', 'YYYY-MM-DD'), 'Buen trabajo en la tarea', 1002546);
INSERT INTO calificaciones (idTarea, puntaje, fecha, comentario, estudiante)
VALUES (004, 90, TO_DATE('2024-03-24', 'YYYY-MM-DD'), 'Buen trabajo en la tarea', 1002546);
INSERT INTO calificaciones (idTarea, puntaje, fecha, comentario, estudiante)
VALUES (005, 90, TO_DATE('2024-03-24', 'YYYY-MM-DD'), 'Buen trabajo en la tarea', 1002546);

/*-------------------------------------------------PoblarNoOk---------------------------------------------------------------------------------*/
-- Intento de inserción de datos erróneos protegidos por tipos de datos y nulidades

-- Intento de inserción de datos con clave primaria duplicada en la tabla Instituciones
INSERT INTO Instituciones (codigo, nombre, direccion, tipo)
VALUES (1, 'Institución A', 'Dirección A', 'P');

-- Intento de inserción de datos con valor NULL en columna NOT NULL en la tabla Estudiantes
INSERT INTO Estudiantes (usuario, nombre, CORREO, CONTRASENA, programa, registro)
VALUES (1234567890, 'Estudiante 1', NULL, 123456, 'Programa A', TO_DATE('2024-03-24', 'YYYY-MM-DD'));

-- Intento de inserción de datos con clave foránea inexistente en la tabla RecursosAdicionales
INSERT INTO RecursosAdicionales (tipo, fechaPublicacion, tema, notasDeClase)
VALUES ('T', TO_DATE('2024-03-24', 'YYYY-MM-DD'), 'Tema A', 'Notas de clase A');

-- Intento de inserción de datos con valor fuera de rango en la columna duracion en la tabla Curso
INSERT INTO Cursos(codigo, nombre, listaDeMatriculados, duracion)
VALUES (101, 'Curso A', 30, 99999);

-- Intento de inserción de datos con valor duplicado en columna única en la tabla ClientesGratuitos
INSERT INTO ClientesGratuitos (correoTemporal, usuarioE)
VALUES ('temporal@example.com', 'Cliente Gratuito 1');

/*--------------------------------------------XPoblar--------------------------------------------*/

TRUNCATE TABLE calificaciones;
TRUNCATE TABLE Tareas;
TRUNCATE TABLE Profesores;
TRUNCATE TABLE RecursosAdicionales;
TRUNCATE TABLE Cursos;
TRUNCATE TABLE ClientesGratuitos;
TRUNCATE TABLE ClientesPremium;
TRUNCATE TABLE Estudiantes;
TRUNCATE TABLE Instituciones;
TRUNCATE TABLE EstudiantesCursos;