--HORARIOS
INSERT INTO HORARIOS(usuario, franjas)
VALUES(1077083, XMLTYPE('<?xml version="1.0" encoding="UTF-8"?>
<!DOCTYPE Horarios [
 <!ELEMENT Horarios (Semana)>
 <!ELEMENT Semana (Dia+)>
 <!ELEMENT Dia (Nombre, Franja+)>
 <!ELEMENT Nombre (#PCDATA)>
 <!ELEMENT Franja (Actividad, FranjaInicio, FranjaFinal)>
 <!ELEMENT Actividad (#PCDATA)>
 <!ELEMENT FranjaInicio (#PCDATA)>
 <!ELEMENT FranjaFinal (#PCDATA)>
]>
<Horarios>
 <Semana>
   <Dia>
     <Nombre>Lunes</Nombre>
     <Franja>
       <Actividad>Clase de Matemáticas</Actividad>
       <FranjaInicio>08:00</FranjaInicio>
       <FranjaFinal>10:00</FranjaFinal>
     </Franja>
   </Dia>
   <Dia>
     <Nombre>Martes</Nombre>
     <Franja>
       <Actividad>Clase de Biología</Actividad>
       <FranjaInicio>08:00</FranjaInicio>
       <FranjaFinal>10:00</FranjaFinal>
     </Franja>
   </Dia>
   <Dia>
     <Nombre>Miércoles</Nombre>
     <Franja>
       <Actividad>Clase de Historia</Actividad>
       <FranjaInicio>08:00</FranjaInicio>
       <FranjaFinal>10:00</FranjaFinal>
     </Franja>
   </Dia>
   <Dia>
     <Nombre>Jueves</Nombre>
     <Franja>
       <Actividad>Clase de Física</Actividad>
       <FranjaInicio>08:00</FranjaInicio>
       <FranjaFinal>10:00</FranjaFinal>
     </Franja>
   </Dia>
   <Dia>
     <Nombre>Viernes</Nombre>
     <Franja>
       <Actividad>Clase de Química</Actividad>
       <FranjaInicio>08:00</FranjaInicio>
       <FranjaFinal>10:00</FranjaFinal>
     </Franja>
   </Dia>
   <Dia>
     <Nombre>Sábado</Nombre>
     <Franja>
       <Actividad>Clase de Educación Física</Actividad>
       <FranjaInicio>08:00</FranjaInicio>
       <FranjaFinal>10:00</FranjaFinal>
     </Franja>
   </Dia>
 </Semana>
</Horarios>'));
INSERT INTO HORARIOS(usuario, franjas)
VALUES(1002546, XMLTYPE('<?xml version="1.0" encoding="UTF-8"?>
<!DOCTYPE Horarios [
 <!ELEMENT Horarios (Semana)>
 <!ELEMENT Semana (Dia+)>
 <!ELEMENT Dia (Nombre, Franja+)>
 <!ELEMENT Nombre (#PCDATA)>
 <!ELEMENT Franja (Actividad, FranjaInicio, FranjaFinal)>
 <!ELEMENT Actividad (#PCDATA)>
 <!ELEMENT FranjaInicio (#PCDATA)>
 <!ELEMENT FranjaFinal (#PCDATA)>
]>
<Horarios>
 <Semana>
   <Dia>
     <Nombre>Lunes</Nombre>
     <Franja>
       <Actividad>Clase de Matemáticas</Actividad>
       <FranjaInicio>08:00</FranjaInicio>
       <FranjaFinal>10:00</FranjaFinal>
     </Franja>
   </Dia>
   <Dia>
     <Nombre>Martes</Nombre>
     <Franja>
       <Actividad>Clase de Biología</Actividad>
       <FranjaInicio>08:00</FranjaInicio>
       <FranjaFinal>10:00</FranjaFinal>
     </Franja>
   </Dia>
   <Dia>
     <Nombre>Miércoles</Nombre>
     <Franja>
       <Actividad>Clase de Historia</Actividad>
       <FranjaInicio>08:00</FranjaInicio>
       <FranjaFinal>10:00</FranjaFinal>
     </Franja>
   </Dia>
   <Dia>
     <Nombre>Jueves</Nombre>
     <Franja>
       <Actividad>Clase de Física</Actividad>
       <FranjaInicio>08:00</FranjaInicio>
       <FranjaFinal>10:00</FranjaFinal>
     </Franja>
   </Dia>
   <Dia>
     <Nombre>Viernes</Nombre>
     <Franja>
       <Actividad>Clase de Química</Actividad>
       <FranjaInicio>08:00</FranjaInicio>
       <FranjaFinal>10:00</FranjaFinal>
     </Franja>
   </Dia>
   <Dia>
     <Nombre>Sábado</Nombre>
     <Franja>
       <Actividad>Clase de Educación Física</Actividad>
       <FranjaInicio>08:00</FranjaInicio>
       <FranjaFinal>10:00</FranjaFinal>
     </Franja>
   </Dia>
 </Semana>
</Horarios>'));
INSERT INTO HORARIOS(usuario, franjas)
VALUES(1005896, XMLTYPE('<?xml version="1.0" encoding="UTF-8"?>
<!DOCTYPE Horarios [
 <!ELEMENT Horarios (Semana)>
 <!ELEMENT Semana (Dia+)>
 <!ELEMENT Dia (Nombre, Franja+)>
 <!ELEMENT Nombre (#PCDATA)>
 <!ELEMENT Franja (Actividad, FranjaInicio, FranjaFinal)>
 <!ELEMENT Actividad (#PCDATA)>
 <!ELEMENT FranjaInicio (#PCDATA)>
 <!ELEMENT FranjaFinal (#PCDATA)>
]>
<Horarios>
 <Semana>
   <Dia>
     <Nombre>Lunes</Nombre>
     <Franja>
       <Actividad>Clase de Matemáticas</Actividad>
       <FranjaInicio>08:00</FranjaInicio>
       <FranjaFinal>10:00</FranjaFinal>
     </Franja>
   </Dia>
   <Dia>
     <Nombre>Martes</Nombre>
     <Franja>
       <Actividad>Clase de Biología</Actividad>
       <FranjaInicio>08:00</FranjaInicio>
       <FranjaFinal>10:00</FranjaFinal>
     </Franja>
   </Dia>
   <Dia>
     <Nombre>Miércoles</Nombre>
     <Franja>
       <Actividad>Clase de Historia</Actividad>
       <FranjaInicio>08:00</FranjaInicio>
       <FranjaFinal>10:00</FranjaFinal>
     </Franja>
   </Dia>
   <Dia>
     <Nombre>Jueves</Nombre>
     <Franja>
       <Actividad>Clase de Física</Actividad>
       <FranjaInicio>08:00</FranjaInicio>
       <FranjaFinal>10:00</FranjaFinal>
     </Franja>
   </Dia>
   <Dia>
     <Nombre>Viernes</Nombre>
     <Franja>
       <Actividad>Clase de Química</Actividad>
       <FranjaInicio>08:00</FranjaInicio>
       <FranjaFinal>10:00</FranjaFinal>
     </Franja>
   </Dia>
   <Dia>
     <Nombre>Sábado</Nombre>
     <Franja>
       <Actividad>Clase de Educación Física</Actividad>
       <FranjaInicio>08:00</FranjaInicio>
       <FranjaFinal>10:00</FranjaFinal>
     </Franja>
   </Dia>
 </Semana>
</Horarios>'));
INSERT INTO HORARIOS(usuario, franjas)
VALUES(1046895, XMLTYPE('<?xml version="1.0" encoding="UTF-8"?>
<!DOCTYPE Horarios [
 <!ELEMENT Horarios (Semana)>
 <!ELEMENT Semana (Dia+)>
 <!ELEMENT Dia (Nombre, Franja+)>
 <!ELEMENT Nombre (#PCDATA)>
 <!ELEMENT Franja (Actividad, FranjaInicio, FranjaFinal)>
 <!ELEMENT Actividad (#PCDATA)>
 <!ELEMENT FranjaInicio (#PCDATA)>
 <!ELEMENT FranjaFinal (#PCDATA)>
]>
<Horarios>
 <Semana>
   <Dia>
     <Nombre>Lunes</Nombre>
     <Franja>
       <Actividad>Clase de Matemáticas</Actividad>
       <FranjaInicio>08:00</FranjaInicio>
       <FranjaFinal>10:00</FranjaFinal>
     </Franja>
   </Dia>
   <Dia>
     <Nombre>Martes</Nombre>
     <Franja>
       <Actividad>Clase de Biología</Actividad>
       <FranjaInicio>08:00</FranjaInicio>
       <FranjaFinal>10:00</FranjaFinal>
     </Franja>
   </Dia>
   <Dia>
     <Nombre>Miércoles</Nombre>
     <Franja>
       <Actividad>Clase de Historia</Actividad>
       <FranjaInicio>08:00</FranjaInicio>
       <FranjaFinal>10:00</FranjaFinal>
     </Franja>
   </Dia>
   <Dia>
     <Nombre>Jueves</Nombre>
     <Franja>
       <Actividad>Clase de Física</Actividad>
       <FranjaInicio>08:00</FranjaInicio>
       <FranjaFinal>10:00</FranjaFinal>
     </Franja>
   </Dia>
   <Dia>
     <Nombre>Viernes</Nombre>
     <Franja>
       <Actividad>Clase de Química</Actividad>
       <FranjaInicio>08:00</FranjaInicio>
       <FranjaFinal>10:00</FranjaFinal>
     </Franja>
   </Dia>
   <Dia>
     <Nombre>Sábado</Nombre>
     <Franja>
       <Actividad>Clase de Educación Física</Actividad>
       <FranjaInicio>08:00</FranjaInicio>
       <FranjaFinal>10:00</FranjaFinal>
     </Franja>
   </Dia>
 </Semana>
</Horarios>'));
INSERT INTO HORARIOS(usuario, franjas)
VALUES(1009321, XMLTYPE('<?xml version="1.0" encoding="UTF-8"?>
<!DOCTYPE Horarios [
 <!ELEMENT Horarios (Semana)>
 <!ELEMENT Semana (Dia+)>
 <!ELEMENT Dia (Nombre, Franja+)>
 <!ELEMENT Nombre (#PCDATA)>
 <!ELEMENT Franja (Actividad, FranjaInicio, FranjaFinal)>
 <!ELEMENT Actividad (#PCDATA)>
 <!ELEMENT FranjaInicio (#PCDATA)>
 <!ELEMENT FranjaFinal (#PCDATA)>
]>
<Horarios>
 <Semana>
   <Dia>
     <Nombre>Lunes</Nombre>
     <Franja>
       <Actividad>Clase de Matemáticas</Actividad>
       <FranjaInicio>08:00</FranjaInicio>
       <FranjaFinal>10:00</FranjaFinal>
     </Franja>
   </Dia>
   <Dia>
     <Nombre>Martes</Nombre>
     <Franja>
       <Actividad>Clase de Biología</Actividad>
       <FranjaInicio>08:00</FranjaInicio>
       <FranjaFinal>10:00</FranjaFinal>
     </Franja>
   </Dia>
   <Dia>
     <Nombre>Miércoles</Nombre>
     <Franja>
       <Actividad>Clase de Historia</Actividad>
       <FranjaInicio>08:00</FranjaInicio>
       <FranjaFinal>10:00</FranjaFinal>
     </Franja>
   </Dia>
   <Dia>
     <Nombre>Jueves</Nombre>
     <Franja>
       <Actividad>Clase de Física</Actividad>
       <FranjaInicio>08:00</FranjaInicio>
       <FranjaFinal>10:00</FranjaFinal>
     </Franja>
   </Dia>
   <Dia>
     <Nombre>Viernes</Nombre>
     <Franja>
       <Actividad>Clase de Química</Actividad>
       <FranjaInicio>08:00</FranjaInicio>
       <FranjaFinal>10:00</FranjaFinal>
     </Franja>
   </Dia>
   <Dia>
     <Nombre>Sábado</Nombre>
     <Franja>
       <Actividad>Clase de Educación Física</Actividad>
       <FranjaInicio>08:00</FranjaInicio>
       <FranjaFinal>10:00</FranjaFinal>
     </Franja>
   </Dia>
 </Semana>
</Horarios>'));

---ACTIVIVDADES
INSERT INTO ActividadesExtracurriculares (idActividad, usuario, nombre, tipo, duracion, ubicacion)
VALUES(84154,1002546,'Natacion','AC','2','Complejo Acuático Simón Bolívar.');
INSERT INTO ActividadesExtracurriculares (idActividad, usuario,nombre,tipo, duracion, ubicacion) 
VALUES (83155, 1005896, 'Gimnasio','GY','1',' Smart Fit Sede Bogota');
INSERT INTO ActividadesExtracurriculares (idActividad, usuario,nombre, tipo, duracion, ubicacion) 
VALUES (84156, 1077083, 'Danza Urbana','DA','1', 'Pud Escuela de Danza Urbana Bogotá');
INSERT INTO ActividadesExtracurriculares (idActividad, usuario, nombre, tipo, duracion, ubicacion) 
VALUES (85651, 1046895, 'Voleibol','DE','2', 'Vissel Volley Club Calle 170 Carrera 17a - 55');
INSERT INTO ActividadesExtracurriculares (idActividad, usuario, nombre, tipo, duracion, ubicacion) 
VALUES (81615, 1009321, 'Escultura','AT','1', 'NC-arte');


--APRENDIZAJES GRUPALES
INSERT INTO APREDIZAJESGRUPALES (idAprendizaje, cantidadMiembros, descripcion) VALUES(1, 5, 'Aprendizaje 1');
INSERT INTO APREDIZAJESGRUPALES (idAprendizaje, cantidadMiembros, descripcion) VALUES(2, 1, 'GRUPO MBDA');
INSERT INTO APREDIZAJESGRUPALES (idAprendizaje, cantidadMiembros, descripcion) VALUES(3, 2, 'GRUPO POOB');
INSERT INTO APREDIZAJESGRUPALES (idAprendizaje, cantidadMiembros, descripcion) VALUES(4, 3, 'GRUPO ACSO');
INSERT INTO APREDIZAJESGRUPALES (idAprendizaje, cantidadMiembros, descripcion) VALUES(5, 3, 'GRUPO CLVD');

--CLIENTES APRENDIZAJE
INSERT INTO CLIENTEAPRENDIZAJE (idAprendizaje, usuario) VALUES(1, 1002546);
INSERT INTO CLIENTEAPRENDIZAJE (idAprendizaje, usuario) VALUES(2, 1005896);
INSERT INTO CLIENTEAPRENDIZAJE (idAprendizaje, usuario) VALUES(3, 1077083);
INSERT INTO CLIENTEAPRENDIZAJE (idAprendizaje, usuario) VALUES(4, 1046895);
INSERT INTO CLIENTEAPRENDIZAJE (idAprendizaje, usuario) VALUES(5, 1009321);

--SEGUIMIENTOS
INSERT INTO SEGUIMIENTOS (usuarioP, prioridad, fechaFin, descripcion) VALUES(1002546, 'A', TO_DATE('2021-06-01','YYYY-MM-DD'), 'Rendimiento Bajo');
INSERT INTO SEGUIMIENTOS (usuarioP, prioridad, fechaFin, descripcion) VALUES(1005896, 'M', TO_DATE('2021-06-01','YYYY-MM-DD'), 'Por Mejorar');
INSERT INTO SEGUIMIENTOS (usuarioP, prioridad, fechaFin, descripcion) VALUES(1077083, 'B', TO_DATE('2021-06-01','YYYY-MM-DD'), 'Excelente trabajo');
INSERT INTO SEGUIMIENTOS (usuarioP, prioridad, fechaFin, descripcion) VALUES(1046895, 'A', TO_DATE('2021-06-01','YYYY-MM-DD'), 'Rendimiento Bajo');
INSERT INTO SEGUIMIENTOS (usuarioP, prioridad, fechaFin, descripcion) VALUES(1009321, 'M', TO_DATE('2021-06-01','YYYY-MM-DD'), 'Por Mejorar');

--RECORDATORIOS
INSERT INTO RECORDATORIOS (idRecordatorio, nombre, horaInicio, horaFinal, usuarioP) VALUES(1, 'Entregar Informe 1', TO_DATE('2021-06-01 08:00:00','YYYY-MM-DD HH24:MI:SS'), TO_DATE('2021-06-02 09:00:00','YYYY-MM-DD HH24:MI:SS'), 1002546);
INSERT INTO RECORDATORIOS (idRecordatorio, nombre, horaInicio, horaFinal, usuarioP) VALUES(2, 'Actividad', TO_DATE('2021-06-01 08:00:00','YYYY-MM-DD HH24:MI:SS'), TO_DATE('2021-06-02 09:00:00','YYYY-MM-DD HH24:MI:SS'), 1005896);
INSERT INTO RECORDATORIOS (idRecordatorio, nombre, horaInicio, horaFinal, usuarioP) VALUES(3, 'Clase Natacion', TO_DATE('2021-06-01 08:00:00','YYYY-MM-DD HH24:MI:SS'), TO_DATE('2021-06-02 09:00:00','YYYY-MM-DD HH24:MI:SS'), 1077083);
INSERT INTO RECORDATORIOS (idRecordatorio, nombre, horaInicio, horaFinal, usuarioP) VALUES(4, 'Evaluacion bases', TO_DATE('2021-06-01 08:00:00','YYYY-MM-DD HH24:MI:SS'), TO_DATE('2021-06-02 09:00:00','YYYY-MM-DD HH24:MI:SS'), 1046895);
INSERT INTO RECORDATORIOS (idRecordatorio, nombre, horaInicio, horaFinal, usuarioP) VALUES(5, 'Sustentacion lab 5', TO_DATE('2021-06-01 08:00:00','YYYY-MM-DD HH24:MI:SS'), TO_DATE('2021-06-02 09:00:00','YYYY-MM-DD HH24:MI:SS'), 1009321);

--FACTURAS
INSERT INTO FACTURAS (codigo, usuarioP, fecha, costo, numeroDeCuotas, documento, transaccion) VALUES(1, 1002546, TO_DATE('2021-06-01','YYYY-MM-DD'), 1000.00, 1, 'https://www.google.pdf', 'E');
INSERT INTO FACTURAS (codigo, usuarioP, fecha, costo, numeroDeCuotas, documento, transaccion) VALUES(2, 1005896, TO_DATE('2021-06-01','YYYY-MM-DD'), 2000.00, 2, 'https://www.googlett.pdf', 'F');
INSERT INTO FACTURAS (codigo, usuarioP, fecha, costo, numeroDeCuotas, documento, transaccion) VALUES(3, 1077083, TO_DATE('2021-06-01','YYYY-MM-DD'), 3000.00, 3, 'https://www.googlffe.pdf', 'P');
INSERT INTO FACTURAS (codigo, usuarioP, fecha, costo, numeroDeCuotas, documento, transaccion) VALUES(4, 1046895, TO_DATE('2021-06-01','YYYY-MM-DD'), 4000.00, 4, 'https://www.googled.pdf', 'E');
INSERT INTO FACTURAS (codigo, usuarioP, fecha, costo, numeroDeCuotas, documento, transaccion) VALUES(5, 1009321, TO_DATE('2021-06-01','YYYY-MM-DD'), 5000.00, 5, 'https://www.googlea.pdf', 'F');

--NOTIFICACIONES
INSERT INTO NOTIFICACIONESINCUMPLIMIENTOS (idIncumplimiento, fechaTransaccion, descripcion, codigoFactura) VALUES(1, '2021-06-01', 'Notificacion 1', 1);
INSERT INTO NOTIFICACIONESINCUMPLIMIENTOS (idIncumplimiento, fechaTransaccion, descripcion, codigoFactura) VALUES(2, '2021-06-01', 'Notificacion 2', 2);
INSERT INTO NOTIFICACIONESINCUMPLIMIENTOS (idIncumplimiento, fechaTransaccion, descripcion, codigoFactura) VALUES(3, '2021-06-01', 'Notificacion 3', 3);
INSERT INTO NOTIFICACIONESINCUMPLIMIENTOS (idIncumplimiento, fechaTransaccion, descripcion, codigoFactura) VALUES(4, '2021-06-01', 'Notificacion 4', 4);
INSERT INTO NOTIFICACIONESINCUMPLIMIENTOS (idIncumplimiento, fechaTransaccion, descripcion, codigoFactura) VALUES(5, '2021-06-01', 'Notificacion 5', 5);

--TARJETAS
INSERT INTO TARJETAS (codigoFactura, nombrePropietario, numeroTarjeta, fechaVencimiento, codigoDeSeguridad, tipoTarjeta) VALUES(1, 'Enrique Linares', '1234567890123456', TO_DATE('2021-06-01','YYYY-MM-DD'), '123', 'DB');
INSERT INTO TARJETAS (codigoFactura, nombrePropietario, numeroTarjeta, fechaVencimiento, codigoDeSeguridad, tipoTarjeta) VALUES(2, 'Marcela Villagran', '1234567890123456', TO_DATE('2021-06-01','YYYY-MM-DD'), '123', 'CR');
INSERT INTO TARJETAS (codigoFactura, nombrePropietario, numeroTarjeta, fechaVencimiento, codigoDeSeguridad, tipoTarjeta) VALUES(3, 'Sebastian Serna', '1234567890123456', TO_DATE('2021-06-01','YYYY-MM-DD'), '123', 'DB');
INSERT INTO TARJETAS (codigoFactura, nombrePropietario, numeroTarjeta, fechaVencimiento, codigoDeSeguridad, tipoTarjeta) VALUES(4, 'Sergio Cortes', '1234567890123456', TO_DATE('2021-06-01','YYYY-MM-DD'), '123', 'CR');
INSERT INTO TARJETAS (codigoFactura, nombrePropietario, numeroTarjeta, fechaVencimiento, codigoDeSeguridad, tipoTarjeta) VALUES(5, 'Nella Jerez', '1234567890123456', TO_DATE('2021-06-01','YYYY-MM-DD'), '123', 'DB');

SELECT * FROM ESTUDIANTES;
SELECT * FROM HORARIOS;


